sex,mouse_ID,lineage,liver_wt,liver_bw_ratio,gallbladder_vol,gallbladder_mucin,bile_score,gallstone_crystals,gallstone_sandy,gallstone_solid,gallstone_count,gallstone_weight,HDL,nonHDL,chol,MH-Agg,MH-Ind,D1Mit3,D1Mit21,D1Mit440,D1Mit102,D1Mit111,D1Mit17,D2Mit151,D2Mit61,D2Mit182,D2Mit206,D2Mit395,D2Mit285,D2Mit113,D3Mit203,D3Mit167,D3Mit51,D3Mit57,D3Mit147,D4Mit194,D4Mit110,D4Mit17,D4Mit155,D4Mit170,D4Mit42,D5Mit146,D5Mit183,D5Mit255,D5Mit201,D5Mit367,D5Mit95,D5Mit143,D6Mit46,D6Mit123,D6Mit38,D6Mit44,D6Mit14,D7Mit246,D7Mit83,D7Mit323,D7Mit259,D8Mit155,D8Mit292,D8Mit248,D8Mit49,D9Mit324,D9Mit71,D9Mit304,D9Mit50,D9Mit18,D10Mit16,D10Mit109,D10Mit31,D10Mit95,D10Mit96,D10Mit14,D11Mit80,D11Mit24,D11Mit143,D11Mit4,D11Mit212,D11Mit214,D12Mit182,D12Mit54,D12Mit214,D12Mit7,D13Mit16,D13Mit19,D13Mit182,D13Mit28,D13Mit151,D14Mit98,D14Mit260,D14Mit34,D14Mit131,D15Mit13,D15Mit115,D15Mit68,D15Mit95,D15Mit79,D16Mit34,D16Mit4,D16Mit65,D16Mit86,D17Mit247,D17Mit51,D17Mit39,D17Mit221,D18Mit64,D18Mit12,D18Mit208,D18Mit41,D19Mit69,D19Mit30,D19Mit17,D19Mit33,DXMit81,DXMit140,DXMit25,DXMit19,DXMit121
,,,,,,,,,,,,,,,,,,1,1,1,1,1,1,2,2,2,2,2,2,2,3,3,3,3,3,4,4,4,4,4,4,5,5,5,5,5,5,5,6,6,6,6,6,7,7,7,7,8,8,8,8,9,9,9,9,9,10,10,10,10,10,10,11,11,11,11,11,11,12,12,12,12,13,13,13,13,13,14,14,14,14,15,15,15,15,15,16,16,16,16,17,17,17,17,18,18,18,18,19,19,19,19,X,X,X,X,X
,,,,,,,,,,,,,,,,,,6.272,33.7236,44.9792,63.32,77.08,95.029,18.921,34.8961,39.529,55.9405,59.974,75.407,96.2102,10.821,15.6403,35.17,50.0865,74.0204,19.6421,28.565,33.958,46.995,70.4726,82.6371,3.43,29.1245,30.5243,39.5473,60.4303,63.8424,89.7997,13.08,27.7648,46.5198,53.719,77.6401,18.9,32.844,54.4466,88.854,2.1399,21.159,44.987,72.3763,14.3696,27.071,38.575,48.981,71.4875,9.8192,22.5273,35.2646,47.0575,51.19,66.746,13.0499,31.9463,35.4011,41.8683,54.342,80.5953,5.5212,22.762,37.8565,52.8018,7.2577,20.98,25.3504,49.0122,64.7153,7.08,27.49,37.258,63.586,1.843,22.9194,36.281,37.848,58.9747,10.086,25.429,41.081,54.315,5.525,19.7377,45.636,59.7714,4.459,19.2935,37.78,58.633,8.9278,21.3379,38.754,51.7554,20.5861,33.501,36.7813,46.37,73.953
1,1,0,1.775,0.061,0.011,3,2,4,4,1,1,0.11,126,66,192,4,1,0,0,0,1,1,2,1,1,1,1,1,1,1,1,1,1,1,0,1,1,1,1,1,1,1,1,1,1,1,1,1,2,2,2,1,0,1,1,1,2,1,2,2,1,1,1,1,1,1,0,0,0,0,1,2,0,1,1,1,1,2,2,2,2,2,2,2,2,1,1,0,0,0,0,1,1,1,1,2,1,1,1,0,1,0,0,0,1,1,1,1,0,1,1,2,0,0,0,0,0
1,2,0,1.664,0.066,0.009,3,2,4,4,2,5,0.81,133,144,277,4,1,2,2,2,1,0,0,0,1,1,1,1,1,2,1,1,2,2,2,0,0,0,0,0,0,2,2,2,2,1,1,0,0,1,1,1,0,2,1,2,2,1,0,0,1,0,0,0,1,2,1,1,1,1,1,1,1,0,0,0,0,1,1,1,0,0,1,0,0,0,0,1,1,1,1,2,2,2,=,1,1,1,1,1,2,1,1,1,1,1,1,0,0,2,2,2,2,2,2,0,0
1,3,0,1.449,0.054,0.012,2,2,3,3,0,0,0,74,80,153,1,0,0,0,0,0,0,0,0,1,1,1,1,2,2,1,1,1,1,1,1,1,1,1,0,1,1,2,2,2,2,2,1,0,1,1,1,2,0,0,1,2,1,1,0,0,2,0,0,0,0,2,2,2,2,2,2,0,0,0,0,0,2,2,2,2,1,1,1,1,2,1,1,0,0,0,1,1,1,1,1,1,1,1,1,2,2,2,2,1,1,2,2,1,1,1,1,0,0,0,0,0
1,4,0,1.820,0.059,0.032,1,2,1,4,4,15,0.58,128,108,236,2,0,0,1,1,0,=,0,1,1,1,1,1,1,2,1,1,1,2,1,1,1,1,1,0,0,2,1,1,1,1,1,1,0,0,0,0,1,0,0,0,1,1,1,1,1,1,1,1,1,2,1,0,0,0,0,0,2,1,1,1,1,2,1,1,1,1,1,1,1,1,1,0,1,1,2,0,1,1,1,=,1,2,2,2,2,2,2,1,0,0,0,2,2,1,1,1,0,0,0,2,0
1,5,0,2.064,0.071,0.038,1,2,3,2,0,0,0,77,215,292,2,3,1,1,1,1,0,1,2,2,1,1,1,0,0,1,1,1,0,0,2,2,2,2,0,0,1,1,1,1,1,1,0,0,0,0,0,1,2,2,2,1,1,0,0,1,2,2,1,1,1,1,1,1,1,1,1,1,1,1,1,1,1,2,1,1,0,2,2,2,2,0,1,0,1,1,0,0,0,1,1,0,0,0,1,2,2,1,1,0,1,2,2,2,2,1,1,2,0,0,0,2
1,6,0,2.610,0.082,0.018,2,2,2,4,4,25,1.29,124,134,258,0,0,1,1,0,0,0,0,2,1,1,1,1,1,2,0,0,1,1,1,1,1,1,1,2,2,1,2,2,2,2,2,2,0,1,1,2,1,0,1,1,1,1,1,2,2,1,1,1,1,0,1,1,1,1,1,0,1,0,0,0,1,1,2,2,2,2,1,1,1,1,1,1,1,1,1,2,1,0,1,0,0,0,0,0,1,0,0,0,1,0,0,0,1,1,1,1,2,2,2,2,2
1,7,0,1.222,0.041,0.046,2,0,1,0,0,0,0,56,104,160,0,0,2,1,0,0,0,1,0,0,0,1,1,1,0,1,1,1,1,1,2,2,2,2,2,2,1,2,2,2,0,0,0,0,0,0,1,1,1,1,0,1,1,0,0,2,2,1,1,1,0,1,1,1,1,=,2,1,2,2,2,2,1,2,2,2,1,1,1,1,2,2,1,2,2,1,2,2,2,2,2,2,2,=,2,0,0,0,2,1,1,0,1,1,1,1,0,0,0,0,0,0
1,8,0,1.013,0.040,0.040,2,2,2,4,4,0,2.46,140,122,262,0,0,1,1,1,1,2,2,0,0,0,0,0,1,1,1,1,1,1,1,0,0,0,0,2,2,1,2,2,2,1,1,1,2,2,2,2,2,2,1,1,2,2,1,0,0,1,1,1,2,2,1,1,1,1,1,1,0,0,0,0,1,1,2,2,2,1,0,0,0,0,0,1,2,2,2,1,0,0,0,0,2,2,2,2,0,0,1,1,1,1,1,0,0,1,1,1,2,0,0,0,0
1,9,0,1.383,0.052,0.029,1,0,1,0,0,0,0,128,133,261,0,0,1,2,2,2,1,0,1,2,2,2,2,2,2,0,0,0,1,1,1,1,1,0,0,0,1,0,0,0,0,=,1,2,2,2,2,1,2,2,2,1,1,1,1,2,0,0,1,1,1,1,1,2,2,2,2,2,1,1,1,1,0,0,0,0,0,0,=,0,1,2,2,2,2,1,1,1,1,1,1,2,2,0,1,0,0,0,0,2,2,2,2,1,1,1,1,0,0,0,0,0
1,10,0,1.602,0.041,0.004,4,0,2,0,0,0,0,107,63,170,0,0,2,2,2,1,1,1,2,2,2,2,2,2,2,1,1,1,2,2,2,2,=,2,2,2,2,2,2,2,2,2,2,1,1,2,2,1,1,1,1,0,0,1,1,1,2,2,1,0,1,0,0,1,1,1,1,2,1,1,1,1,2,1,1,0,0,1,1,1,1,2,1,1,1,1,2,2,2,2,2,2,2,2,1,1,1,1,1,2,1,1,1,1,0,0,1,2,0,0,0,0
1,11,0,1.804,0.074,=,=,=,=,=,=,0,0,149,181,330,=,=,0,2,2,2,1,1,1,1,1,1,2,2,2,1,1,0,0,0,0,0,0,0,0,0,1,1,1,1,0,0,0,1,0,0,0,1,0,0,2,2,0,0,0,0,2,2,2,2,2,1,1,1,2,2,2,1,2,2,2,2,2,1,2,2,2,0,0,0,0,1,2,1,1,1,1,1,1,1,1,1,1,0,0,1,1,0,0,1,1,2,2,2,1,1,0,0,0,0,0,0
1,12,0,2.275,0.092,0.016,4,2,0,0,5,32,1.7,104,141,245,0,0,1,1,0,0,0,0,2,1,1,1,1,1,2,1,1,2,2,2,1,=,0,0,0,0,2,2,2,2,2,1,1,1,1,1,1,2,0,1,=,0,2,2,2,1,2,2,1,0,0,0,0,0,0,1,1,2,1,1,1,=,2,2,1,1,1,1,2,2,1,1,2,1,1,2,1,0,0,0,1,1,0,0,0,1,0,0,0,0,1,2,2,1,1,1,1,2,2,2,2,2
1,13,0,2.538,0.090,0.011,4,2,4,4,0,0,0,104,191,295,4,3,1,1,1,1,1,2,1,1,1,2,2,2,1,1,1,1,1,1,2,2,1,1,1,1,2,2,2,2,2,2,1,0,0,1,1,1,1,2,2,2,1,1,1,0,1,2,2,2,2,1,1,1,1,2,2,1,1,1,1,1,2,1,1,2,1,1,1,1,1,1,1,0,0,0,1,1,1,1,1,0,1,2,2,2,1,1,0,2,2,1,1,0,0,0,0,0,0,0,2,2
1,14,0,1.322,0.045,0.008,3,2,4,4,0,0,0,78,95,173,4,1,1,1,1,1,0,0,0,0,0,1,1,0,0,1,1,2,2,1,1,2,2,2,1,1,2,2,=,1,1,1,0,2,1,0,0,1,0,1,1,1,1,1,2,1,1,1,1,1,1,1,1,1,1,1,0,1,1,1,1,1,0,1,1,1,0,0,0,0,1,1,0,0,1,1,1,0,1,1,1,1,0,0,0,2,2,2,1,0,0,0,1,1,1,1,1,2,2,2,2,0
1,15,0,1.029,0.036,0.020,1,0,1,0,0,0,0,161,236,397,0,0,1,1,2,2,1,1,2,1,1,0,0,0,2,1,1,1,1,1,0,0,0,0,2,2,1,1,1,1,1,1,1,2,1,1,1,1,1,1,1,1,1,1,2,1,0,1,1,1,2,0,0,=,2,2,2,1,1,1,1,1,1,0,1,1,1,2,2,2,2,2,0,0,2,2,0,1,1,1,1,1,1,0,0,0,0,0,1,1,1,1,0,1,1,1,1,2,2,2,2,2
1,16,0,2.674,0.093,0.043,4,2,2,2,0,0,0,95,207,301,2,3,1,2,2,2,0,0,2,2,2,2,1,1,1,1,1,1,1,0,0,0,0,0,0,0,2,2,2,2,2,2,1,2,2,1,1,0,1,1,1,0,0,1,1,0,1,1,1,2,2,1,1,1,1,2,2,2,1,1,1,1,0,1,2,2,2,1,2,2,2,2,1,0,0,0,1,2,2,2,2,1,1,1,1,1,1,1,1,0,1,1,2,1,1,2,1,2,2,2,2,2
1,17,0,2.567,0.116,0.018,3,2,3,2,0,0,0,92,96,188,3,4,0,1,1,1,1,2,1,0,0,0,0,0,0,1,1,1,1,1,1,1,1,2,2,2,2,1,1,1,1,1,1,1,2,2,2,2,0,0,1,1,0,0,0,0,1,1,1,0,0,0,0,0,0,0,0,1,1,1,1,1,1,1,0,0,0,2,2,2,2,1,2,1,1,0,2,2,2,2,2,1,1,1,2,2,2,2,1,1,1,1,2,1,1,2,2,0,0,0,0,0
1,18,0,1.124,0.039,0.019,1,0,1,0,0,0,0,128,129,257,0,0,2,2,2,2,2,2,0,0,0,0,0,0,1,0,0,1,2,2,2,2,2,2,2,2,1,1,1,1,1,1,1,2,1,1,1,1,2,1,1,2,0,0,0,0,0,1,1,1,1,1,1,1,1,1,1,0,0,0,1,1,0,1,1,1,1,1,1,1,1,1,1,1,1,2,0,0,1,1,1,2,2,2,2,2,2,2,2,1,1,1,2,1,1,1,1,2,2,2,2,2
1,19,0,0.943,0.040,0.046,2,0,1,0,0,0,0,166,82,248,0,0,1,1,1,=,1,1,1,0,0,0,0,1,1,0,0,0,1,1,0,0,0,2,1,1,2,1,1,1,1,1,1,0,0,1,1,1,0,1,1,1,0,0,0,1,0,0,0,0,1,2,2,0,0,0,0,2,2,2,2,2,1,0,0,2,2,1,1,1,1,1,1,1,2,1,1,1,1,1,1,0,0,0,1,2,2,2,2,1,1,1,1,2,2,2,2,0,0,0,0,2
1,20,0,2.289,0.066,0.020,2,0,1,0,0,0,0,187,64,251,0,0,0,1,2,2,2,1,1,1,1,0,0,0,1,0,0,2,2,2,1,1,1,1,0,0,1,1,1,1,1,1,2,0,0,1,1,1,0,0,1,1,0,0,1,2,0,0,0,0,1,1,2,2,2,2,2,1,2,2,2,2,1,2,2,2,2,1,1,1,1,0,1,2,2,2,2,1,0,0,1,2,2,2,2,0,0,0,0,0,0,0,0,2,2,1,1,2,2,2,2,2
1,21,0,1.609,0.056,0.049,3,2,2,1,0,0,0,138,159,297,4,1,2,2,1,1,1,1,1,2,2,1,1,0,0,1,2,2,2,2,1,1,0,0,0,0,0,0,0,0,0,0,1,1,1,1,1,1,2,2,1,1,1,1,1,1,0,1,1,2,2,2,2,1,0,0,0,1,2,2,1,1,1,1,1,2,2,1,1,1,1,2,2,2,2,1,1,1,1,1,1,0,0,0,1,1,1,1,1,1,1,1,0,1,1,0,0,2,2,2,0,0
1,22,0,1.159,0.036,0.023,1,0,1,0,0,0,0,78,87,165,0,0,1,1,1,1,1,0,1,1,1,1,0,0,0,1,1,0,0,0,1,=,2,2,1,1,1,1,0,0,0,0,2,1,1,1,1,1,1,0,0,1,0,0,1,1,0,1,1,2,2,0,0,0,0,0,0,1,1,1,1,1,0,2,2,2,2,2,2,2,1,1,1,1,1,1,0,1,1,1,1,1,2,2,2,1,1,2,2,1,1,1,2,0,0,1,1,0,2,2,2,0
1,23,0,1.536,0.058,0.013,1,0,1,0,0,0,0,166,51,217,0,0,2,1,1,1,1,1,1,0,0,0,1,1,2,1,1,1,1,2,1,1,1,0,1,1,2,2,2,2,2,2,1,1,1,1,0,0,2,2,2,1,2,2,2,1,1,1,0,1,1,1,1,1,2,2,2,1,1,1,1,1,1,1,2,2,2,0,0,1,1,1,1,2,1,1,1,1,2,2,2,0,1,1,1,2,2,1,1,0,0,1,1,2,2,2,2,2,2,2,2,2
1,24,0,1.151,0.047,0.009,2,0,1,0,0,0,0,104,134,238,0,0,2,1,1,1,2,2,2,2,2,2,2,2,2,1,0,0,0,0,2,2,2,1,1,1,1,1,1,0,0,0,1,1,1,1,1,1,2,1,1,0,0,0,1,2,1,1,1,2,2,1,1,1,1,1,1,0,0,0,1,1,1,1,1,1,=,1,1,1,0,0,1,1,1,2,0,0,1,1,1,1,2,2,2,2,2,1,1,1,1,2,1,2,2,1,1,2,0,0,0,0
1,25,0,1.036,0.049,0.020,3,2,4,4,0,0,0,131,88,219,4,2,2,2,2,2,2,1,2,0,0,0,0,1,1,1,1,1,1,0,1,=,0,1,1,1,1,0,0,0,0,0,1,2,2,2,2,2,1,0,0,0,1,2,1,1,0,1,1,1,1,2,2,2,2,1,1,2,2,2,2,2,1,2,2,1,1,0,0,1,1,1,0,1,1,1,0,0,1,2,2,1,2,1,1,2,2,2,2,1,1,0,0,2,2,1,1,0,0,0,0,2
1,26,0,1.507,0.052,0.008,4,2,2,3,1,1,0.17,69,159,228,2,3,1,1,0,0,0,1,0,1,1,1,1,0,0,1,1,2,2,1,2,2,2,2,2,1,2,2,2,2,1,1,1,1,2,1,1,1,2,1,0,0,=,0,0,1,0,0,0,0,0,1,1,1,1,1,1,1,2,2,2,2,2,2,1,0,0,1,1,1,1,1,0,1,1,1,1,0,0,1,1,2,1,1,0,1,1,2,2,0,0,0,0,1,1,2,1,2,2,2,2,0
1,27,0,1.966,0.078,0.021,1,0,1,0,0,0,0,124,159,283,0,0,0,0,0,0,0,0,2,0,0,0,0,1,1,1,1,2,1,0,1,0,0,0,1,1,2,2,2,2,1,1,0,1,1,2,2,2,1,1,1,0,1,2,2,2,1,1,1,0,1,0,0,0,0,0,0,1,1,1,1,1,0,1,1,2,=,2,2,2,2,1,1,1,1,1,1,1,1,1,1,1,2,2,2,2,2,2,2,2,2,2,2,1,1,1,2,2,2,2,2,2
1,28,0,1.261,0.048,0.026,4,2,4,4,0,0,0,82,142,224,4,1,1,1,1,1,0,0,1,1,=,0,0,0,1,1,1,1,0,0,1,1,1,1,0,0,0,2,2,2,2,2,1,2,2,0,0,0,1,1,1,1,1,1,1,1,0,1,1,1,1,1,1,0,0,0,0,2,2,2,2,2,2,1,2,2,1,0,0,0,0,1,2,1,1,1,0,0,0,0,1,1,1,2,2,1,2,2,2,0,0,1,1,1,2,2,2,0,0,0,0,0
1,29,0,1.573,0.051,0.031,4,2,3,1,0,1,1,140,166,306,4,3,1,0,0,1,1,1,1,2,2,2,2,2,0,2,2,1,1,1,1,=,2,1,1,1,2,2,2,2,2,2,2,2,0,0,0,0,0,1,1,0,1,2,2,1,0,0,0,0,0,1,1,1,1,1,2,1,1,1,1,1,0,0,1,1,1,2,2,2,0,0,0,0,0,1,2,2,2,2,1,1,1,1,1,0,0,0,1,0,0,0,2,0,1,1,1,2,2,2,2,2
1,30,0,2.823,0.092,0.049,4,2,2,1,0,0,0,212,180,392,2,1,=,0,1,1,1,2,1,1,2,2,2,2,1,1,2,2,2,2,0,0,0,0,2,2,0,0,0,0,0,0,1,1,1,1,1,2,0,1,1,0,1,1,0,0,0,0,1,1,2,0,0,0,0,0,0,1,1,1,1,1,2,2,2,2,2,1,1,=,1,1,0,0,0,1,1,1,0,0,0,1,1,0,0,1,1,1,1,2,2,2,1,0,0,0,2,2,2,2,2,2
1,31,0,1.311,0.044,0.012,3,2,3,2,0,0,0,98,129,227,3,3,1,0,0,2,2,2,=,1,1,1,1,1,1,2,1,1,0,0,2,2,2,1,1,1,2,1,1,1,1,1,1,1,0,0,0,0,1,1,1,0,1,1,0,2,1,0,0,0,1,1,1,1,1,1,1,1,1,1,0,0,0,2,2,2,2,2,1,0,0,0,2,1,1,1,1,1,1,1,1,2,2,1,1,0,1,2,2,0,1,1,1,1,1,0,0,2,2,2,2,2
1,32,0,1.793,0.056,0.008,4,1,2,0,0,0,0,68,171,239,2,0,1,1,1,1,1,1,2,2,1,1,1,0,0,0,1,1,1,0,2,2,2,1,1,2,1,2,2,2,1,1,1,1,1,0,0,0,0,1,1,2,0,1,1,2,0,1,1,1,2,2,2,2,2,2,2,1,1,1,1,2,2,1,1,1,1,0,0,0,0,0,1,1,1,1,1,0,0,0,0,1,1,1,1,1,1,0,0,0,0,1,1,2,1,1,1,2,0,0,0,2
1,33,0,1.701,0.063,0.050,3,2,4,4,0,0,0,119,80,199,2,2,1,1,1,1,1,2,1,1,2,2,2,2,2,2,2,1,1,1,0,0,0,0,0,0,0,0,0,0,1,1,1,2,1,0,0,0,1,2,2,1,1,1,0,0,1,2,1,1,1,1,0,0,0,0,0,1,1,1,1,2,2,1,2,2,2,1,1,1,2,2,1,1,1,2,1,2,2,1,1,0,1,1,1,0,1,2,2,1,1,1,1,0,0,0,0,2,0,0,0,0
1,34,0,1.906,0.063,0.116,4,2,2,2,0,0,0,95,76,170,2,4,1,1,1,1,1,1,2,2,2,2,2,2,1,2,2,0,0,1,0,0,0,1,1,1,1,2,2,1,1,1,0,1,1,2,2,1,0,1,2,1,2,2,1,1,0,0,0,0,0,1,1,1,1,1,1,0,0,1,1,1,1,1,1,1,1,1,1,1,1,2,2,1,1,2,1,2,2,2,2,1,0,0,0,2,1,1,1,1,1,0,0,0,0,1,1,0,0,0,0,0
1,35,0,1.460,0.048,0.015,4,2,2,4,0,0,0,86,90,176,1,1,2,1,0,0,0,1,0,1,1,1,1,0,0,1,1,1,1,2,2,2,2,2,1,1,2,1,1,1,1,1,0,2,2,2,1,1,2,1,1,1,0,0,0,0,1,2,2,2,2,0,1,1,0,1,1,1,1,1,1,1,0,2,2,1,1,1,0,0,0,2,1,1,1,1,0,2,2,2,2,1,1,1,2,0,1,1,0,2,1,1,0,1,1,1,2,0,0,0,2,2
1,36,0,1.623,0.060,0.025,0,0,1,0,0,0,0,121,188,309,0,0,0,0,0,1,1,1,2,2,=,1,1,1,1,0,0,0,1,1,0,=,1,1,1,0,1,1,1,0,0,1,1,2,2,2,2,2,1,0,0,2,0,0,0,0,1,2,2,2,2,2,2,2,2,2,2,1,0,0,0,1,1,2,2,2,2,0,0,0,1,2,1,1,1,1,1,1,1,1,1,1,1,1,1,2,2,1,1,1,0,1,1,1,1,1,1,2,2,2,2,2
1,37,0,2.500,0.080,0.106,3,2,3,3,0,0,0,97,258,355,3,1,2,1,1,1,1,2,2,2,2,2,2,2,0,1,1,1,2,2,1,1,1,1,1,1,1,0,0,0,0,1,2,1,1,1,1,1,2,1,1,2,2,2,0,1,1,1,2,2,1,1,1,1,0,0,0,2,2,2,1,1,1,1,0,1,1,1,1,=,1,1,0,0,0,0,1,2,2,2,2,1,1,1,1,1,1,2,1,1,1,1,1,1,1,2,2,2,2,2,2,2
1,38,0,1.504,0.058,0.033,2,2,3,4,0,0,0,152,122,274,4,2,2,1,1,1,1,1,=,1,1,0,0,1,1,1,1,1,0,0,0,0,0,0,0,0,1,1,1,1,0,0,1,1,1,1,1,0,2,2,2,2,2,2,2,2,1,1,1,1,1,1,1,1,1,0,0,2,2,2,2,2,1,2,1,1,1,2,2,2,0,0,2,2,1,1,0,0,1,1,2,2,1,1,0,0,0,0,0,1,1,1,1,0,1,1,1,2,2,2,2,2
1,39,0,2.326,0.074,0.033,4,1,0,0,0,0,0,54,446,500,2,4,0,0,0,0,0,1,2,2,2,0,0,0,0,2,2,2,1,=,0,0,0,0,1,1,2,1,1,1,2,2,=,1,1,0,0,0,0,0,0,1,1,0,0,0,0,0,0,0,1,1,1,1,2,2,2,1,1,1,1,2,2,1,1,1,0,1,1,1,1,1,2,2,1,1,0,0,0,0,0,2,1,1,0,1,0,1,1,2,2,2,1,2,1,1,1,2,2,2,2,2
1,40,0,1.692,0.071,0.013,3,2,4,1,0,0,0,95,324,418,4,1,0,1,1,1,0,0,2,1,=,0,0,0,1,2,2,1,1,1,0,0,0,0,2,2,=,2,2,2,1,1,1,1,1,0,1,1,=,0,0,1,1,2,1,0,1,1,1,1,1,2,2,2,2,2,2,1,2,2,2,1,1,1,1,1,1,2,2,2,1,1,1,1,0,0,0,0,0,0,0,0,0,0,0,2,2,2,1,1,1,1,1,1,1,1,1,0,0,0,0,0
1,41,0,2.172,0.070,0.048,3,2,3,3,0,0,0,86,221,307,4,2,0,0,0,0,0,0,1,1,1,1,1,1,0,1,1,1,1,1,1,1,1,1,1,1,1,1,1,1,=,0,1,0,0,1,1,1,2,2,1,1,0,0,2,1,1,1,1,1,2,0,0,1,1,1,1,1,1,1,1,1,2,2,2,1,0,0,1,2,1,1,0,0,1,1,1,1,0,0,0,1,1,1,0,1,1,1,2,1,1,1,1,2,2,2,2,2,2,2,2,2
1,42,0,1.963,0.073,=,=,=,=,=,=,0,0,126,134,260,=,=,1,0,0,0,0,0,=,2,2,1,1,1,1,2,2,2,2,2,0,0,1,1,1,0,1,0,0,0,0,0,1,2,1,0,0,1,1,2,1,0,2,2,1,1,1,1,0,0,0,1,0,0,0,0,0,1,2,2,2,2,1,1,1,1,0,0,0,0,1,1,0,1,1,1,1,0,0,0,0,1,1,0,1,2,2,1,0,1,1,0,0,0,0,0,0,2,2,2,2,2
1,43,0,1.407,0.052,0.009,1,0,2,0,0,0,0,79,122,201,0,0,1,0,0,0,0,=,1,1,1,0,0,0,1,1,1,2,1,0,2,2,2,1,1,1,0,0,0,0,0,0,1,0,0,0,1,2,2,2,2,1,1,1,0,1,0,0,1,1,1,1,1,0,0,1,1,1,1,1,1,0,0,1,1,2,2,2,2,2,2,2,0,1,1,1,1,1,2,2,1,0,1,0,0,2,1,1,1,1,1,0,0,1,1,1,1,2,2,2,2,2
1,44,0,1.373,0.053,0.007,3,2,2,3,3,2,0.43,177,69,246,1,1,1,1,1,2,1,1,1,0,0,0,0,0,1,0,0,0,1,2,1,1,1,1,1,1,1,2,2,1,1,1,0,1,1,2,1,1,2,2,1,0,1,1,0,1,0,0,1,1,2,2,2,1,1,1,1,0,0,0,1,1,2,2,2,1,1,2,2,1,1,0,1,1,1,1,1,1,1,1,1,1,1,1,2,1,1,1,1,2,2,2,1,2,2,2,1,2,2,2,2,2
1,45,0,1.356,0.048,0.045,1,0,1,0,0,0,0,85,40,125,0,0,1,1,1,1,1,2,1,1,1,1,=,1,1,1,2,2,2,1,1,1,1,1,2,2,1,1,1,1,1,0,1,0,1,1,1,1,0,0,1,1,2,2,2,1,2,2,1,2,1,2,2,2,2,2,2,2,2,2,2,1,0,2,2,2,2,1,1,1,2,2,1,1,1,1,1,1,1,1,1,2,1,1,0,1,1,1,1,1,1,1,1,1,2,2,2,2,2,2,2,2
1,46,0,1.145,0.050,0.011,4,2,3,3,0,0,0,194,25,219,2,3,1,0,0,1,1,1,2,2,2,2,1,1,1,0,0,0,1,1,0,0,0,0,1,1,0,0,0,0,0,0,1,1,1,1,1,2,1,1,2,1,2,2,1,1,0,0,0,0,0,2,2,2,2,2,1,1,1,1,1,1,2,1,1,1,1,2,2,1,1,1,0,1,1,1,2,2,2,2,2,0,0,0,1,0,1,1,1,1,1,1,1,0,0,0,1,0,0,0,0,0
1,47,0,1.768,0.053,0.022,2,2,3,4,0,0,0,194,23,217,2,4,1,1,2,2,2,1,1,1,1,1,1,1,2,0,0,0,1,1,=,=,2,2,1,1,1,1,1,1,1,1,1,2,2,2,2,2,1,1,1,1,0,1,2,1,1,1,1,2,2,0,0,0,1,1,=,2,2,2,2,2,2,1,2,2,2,1,1,1,1,0,1,1,1,1,1,2,2,2,2,0,0,0,1,2,2,2,2,0,1,2,2,0,0,0,0,2,2,2,2,2
1,48,0,1.724,0.070,0.023,1,2,4,3,0,0,0,117,136,253,4,1,1,1,1,1,1,1,1,1,=,0,0,1,1,1,1,2,2,1,0,0,0,1,1,1,0,1,1,1,2,2,1,1,1,2,2,1,0,1,1,0,1,1,1,0,1,1,1,1,1,1,2,1,1,1,1,0,0,0,0,0,2,1,1,1,1,0,0,1,1,0,1,1,1,2,0,0,0,0,0,1,1,1,2,1,1,0,0,2,2,1,1,2,2,2,2,0,0,0,0,0
1,49,0,0.990,0.044,0.042,4,2,4,2,0,0,0,102,213,314,4,2,1,0,1,1,1,1,0,0,0,0,0,0,0,2,1,0,0,0,2,2,2,2,1,1,0,0,0,1,1,1,1,1,1,0,0,0,0,0,0,0,2,1,1,1,0,0,0,0,1,1,1,1,1,1,1,1,1,1,1,1,1,2,1,1,1,0,0,0,0,0,1,1,1,1,1,2,1,1,1,0,0,0,0,0,0,0,1,1,1,2,2,2,2,2,2,0,0,0,0,0
1,50,0,1.699,0.062,0.011,4,2,4,1,0,0,0,149,109,258,4,4,1,1,1,2,2,2,1,1,0,0,0,0,0,1,1,1,1,1,0,0,1,1,1,1,2,2,2,2,2,2,1,1,1,0,0,1,1,1,1,2,0,0,0,0,2,1,1,1,2,0,0,1,1,1,2,1,1,1,0,0,0,0,1,1,1,1,1,1,0,0,1,1,1,1,1,1,1,1,2,1,1,0,0,0,0,0,1,1,1,1,2,2,2,2,2,0,0,0,0,0
1,51,0,2.177,0.069,0.022,3,2,4,2,0,0,0,133,40,173,4,4,1,1,1,1,1,1,1,1,1,1,1,1,1,2,2,2,0,0,2,1,1,0,0,1,2,2,2,1,1,1,1,1,1,2,2,1,1,1,1,2,2,2,2,1,1,2,=,1,1,2,2,1,0,0,0,1,2,2,2,2,1,2,2,1,1,0,0,0,1,1,1,1,1,1,1,1,2,2,2,2,2,2,2,0,0,0,1,1,1,1,1,1,1,1,1,0,0,0,0,0
1,52,0,2.000,0.061,0.010,4,2,3,1,0,0,0,128,74,202,2,4,1,1,2,1,1,1,1,1,1,1,1,1,0,1,1,0,1,1,1,1,1,1,2,2,1,0,0,0,0,1,1,0,0,1,1,1,0,1,1,2,1,1,1,1,0,0,0,0,1,1,1,1,0,1,1,1,0,0,0,0,1,1,1,1,2,2,2,2,2,1,2,1,1,1,1,1,0,0,0,2,2,2,2,1,1,1,1,1,1,1,2,1,1,0,0,0,2,2,2,2
1,53,0,1.433,0.050,0.067,3,2,4,2,0,0,0,46,154,199,4,3,1,=,0,0,0,1,2,0,0,0,0,0,0,1,2,2,2,2,2,2,2,2,2,1,1,1,1,1,1,1,1,2,0,0,1,1,0,0,1,1,1,1,0,2,0,0,0,1,1,2,2,2,2,2,2,1,0,0,0,0,1,2,2,2,2,0,0,0,0,1,2,2,2,2,1,1,1,1,1,2,1,1,1,0,1,1,0,1,1,1,1,2,2,2,1,2,2,2,2,2
1,54,0,1.505,0.048,0.024,4,2,4,2,0,0,0,140,54,194,3,4,0,0,1,2,2,2,1,1,1,1,1,1,1,1,1,1,0,1,1,1,1,1,1,1,2,2,2,1,0,0,1,0,0,1,1,1,2,2,2,2,1,1,1,1,1,1,1,1,2,1,1,1,1,0,0,2,2,2,1,1,2,0,0,0,0,1,1,1,1,1,1,2,2,2,2,2,2,2,1,0,0,1,1,2,2,2,2,1,0,0,1,0,0,0,1,0,0,0,0,2
1,55,0,3.060,0.101,0.006,4,1,1,0,0,0,0,95,153,247,1,1,2,2,0,0,0,0,2,2,2,2,2,2,1,2,2,2,2,2,0,0,0,0,1,2,1,2,2,2,2,2,0,1,0,0,0,0,1,1,1,1,1,1,1,1,0,0,0,1,1,1,1,1,2,2,2,1,1,1,1,1,1,1,1,1,1,1,1,1,1,0,0,0,0,0,0,0,0,0,0,0,0,1,1,1,1,0,0,1,1,1,1,1,1,0,0,2,2,2,2,2
1,56,0,1.117,0.050,0.038,3,2,4,2,0,0,0,40,195,235,4,1,0,0,0,0,0,1,=,1,1,1,0,0,2,2,2,1,1,1,2,2,2,2,2,2,2,2,2,2,0,0,0,1,0,0,0,1,0,1,1,0,0,1,1,1,0,0,0,0,2,1,0,0,0,0,0,1,1,1,1,1,0,2,2,2,2,1,1,1,2,2,1,1,2,2,0,0,0,0,1,1,2,2,2,1,1,1,1,1,1,1,2,1,1,1,1,2,2,2,2,2
1,57,0,1.687,0.061,0.045,2,2,2,2,0,0,0,110,167,277,3,2,2,2,2,1,1,1,1,1,1,1,1,1,1,2,2,1,0,0,=,1,1,1,1,1,0,0,0,0,0,0,1,1,1,1,0,0,2,2,1,1,0,1,=,1,1,1,1,1,1,0,0,0,1,2,2,1,1,1,1,1,1,1,1,1,1,1,1,1,2,2,0,0,0,1,1,0,0,0,0,1,1,1,1,0,0,0,0,1,0,0,0,0,0,0,0,0,0,0,0,0
1,58,0,1.776,0.051,0.013,1,0,2,0,0,0,0,109,229,337,0,0,2,2,2,2,2,1,1,1,2,2,2,1,1,1,1,1,1,2,1,2,2,2,1,1,1,1,1,1,2,2,1,0,1,1,1,1,2,2,1,0,1,1,1,1,0,1,1,1,1,0,0,0,0,0,0,1,2,2,2,1,1,2,2,2,2,1,1,1,1,2,1,1,1,2,1,1,1,1,0,2,2,1,1,0,0,0,0,1,1,1,1,0,0,1,1,0,0,0,0,2
1,59,0,2.214,0.081,0.025,0,0,1,0,0,0,0,196,68,264,0,0,2,1,1,1,1,1,2,2,=,1,1,1,1,0,0,0,0,1,0,0,0,0,0,1,1,0,0,0,0,1,2,1,1,0,0,0,1,1,1,2,0,1,1,0,1,1,1,1,1,2,0,0,0,1,2,0,0,0,0,0,1,1,1,2,2,0,1,1,1,0,2,2,2,2,2,1,1,1,1,1,1,1,2,1,1,1,1,1,1,2,1,1,1,1,1,0,2,2,2,2
1,60,0,0.785,0.038,0.004,2,0,2,0,0,0,0,103,68,171,0,0,2,0,0,0,0,0,0,0,0,0,0,0,0,1,1,1,1,1,0,0,0,0,0,0,0,0,0,0,0,0,1,1,1,2,2,1,2,2,1,0,2,2,2,1,0,0,0,0,0,2,2,2,2,2,2,1,0,0,0,0,1,2,1,1,1,0,0,0,1,1,1,2,2,2,1,2,2,2,2,1,1,1,1,1,1,1,2,2,2,2,1,1,1,1,2,2,2,2,2,2
1,61,0,1.171,0.046,0.022,2,0,1,0,0,0,0,140,113,253,0,0,1,1,1,2,2,2,1,0,0,0,0,1,2,0,0,1,1,1,1,1,1,0,0,0,0,1,1,1,1,1,2,0,1,1,2,2,2,2,1,0,1,0,0,1,1,1,1,1,1,1,1,1,2,0,0,0,0,0,1,1,0,1,2,2,2,2,1,1,1,1,0,1,2,1,1,1,0,0,1,1,1,1,1,1,1,1,1,1,1,1,1,0,0,1,2,2,2,2,2,2
1,62,0,1.634,0.055,0.024,1,2,3,2,0,0,0,147,83,230,3,2,1,2,2,2,2,2,0,0,0,0,0,0,0,1,1,1,1,1,0,0,0,0,1,1,0,1,1,1,0,0,1,0,0,1,1,1,1,1,1,0,1,1,2,2,1,1,1,1,1,0,0,1,1,1,1,1,0,0,0,0,1,0,0,0,0,0,2,2,2,2,0,0,0,1,2,1,0,0,0,1,1,0,0,2,1,1,1,0,0,0,2,2,1,1,1,2,2,2,2,2
1,63,0,1.610,0.052,0.009,1,0,1,0,0,0,0,107,37,144,0,0,1,1,1,0,0,0,1,2,2,2,1,1,1,0,0,0,0,0,2,2,1,1,0,0,1,1,1,1,1,1,1,1,2,2,2,2,1,1,0,0,1,0,0,0,1,2,2,2,2,0,0,1,1,1,1,1,1,1,1,1,0,0,0,0,0,1,1,1,1,1,2,1,1,1,1,1,1,1,1,2,1,1,1,1,1,0,0,1,1,1,2,0,1,2,2,0,0,0,0,0
1,64,0,1.191,0.049,0.017,3,0,2,0,0,0,0,117,45,162,0,0,2,2,2,0,0,1,0,0,0,0,0,1,1,1,1,1,1,=,2,2,2,2,0,0,1,1,1,2,2,1,0,2,2,0,0,0,1,1,2,2,1,1,2,1,1,1,1,1,1,1,1,1,1,1,1,1,1,1,1,1,2,1,0,1,1,2,2,2,2,1,0,1,1,1,1,1,1,1,1,1,0,0,1,2,2,0,0,2,2,2,2,2,2,2,2,0,0,0,0,2
1,65,0,1.543,0.044,0.003,4,0,1,0,0,0,0,97,61,158,0,0,1,1,1,1,1,1,0,0,0,0,0,1,1,1,1,2,2,2,2,2,2,1,1,1,0,1,1,1,0,2,2,0,1,1,1,0,0,0,0,0,1,1,1,0,1,0,0,0,1,1,1,1,1,1,1,1,2,2,2,2,1,1,1,1,1,2,2,2,2,2,0,1,1,1,1,1,1,1,2,1,1,1,1,1,1,2,2,1,0,0,1,1,1,0,0,2,2,2,2,2
1,66,0,1.606,0.049,0.018,3,2,4,1,0,0,0,182,99,281,4,3,1,2,2,2,2,1,0,0,0,2,2,2,1,2,2,2,1,1,0,0,0,0,1,1,2,1,1,1,=,0,0,2,2,2,1,1,1,1,2,1,1,1,0,0,0,1,1,1,0,0,1,1,0,1,1,1,1,1,1,1,2,2,2,1,1,1,1,1,1,2,1,1,2,2,2,1,1,1,1,1,1,1,1,1,2,2,1,0,0,0,0,0,0,0,0,0,0,0,0,0
1,67,0,1.400,0.056,0.014,4,2,4,2,0,0,0,149,53,202,4,4,1,0,0,1,1,1,1,2,2,2,2,2,2,2,2,2,2,2,1,1,1,1,1,1,1,1,1,1,=,0,1,1,1,1,1,1,0,0,1,1,1,1,1,1,1,1,1,1,1,2,1,1,1,1,1,0,1,1,1,1,1,2,1,1,1,1,1,1,1,1,0,0,0,0,1,2,2,2,1,1,0,0,1,1,1,2,1,0,0,0,0,2,2,2,2,0,0,0,0,0
1,68,0,1.290,0.043,0.013,2,0,2,0,0,0,0,83,53,136,0,0,1,1,1,1,0,0,0,0,0,0,1,1,1,1,1,0,0,1,2,2,2,1,1,1,2,1,1,1,=,0,0,2,1,0,0,0,0,0,2,2,1,1,0,1,0,1,1,1,1,1,1,1,1,1,1,1,0,0,0,0,1,1,1,1,1,1,0,0,0,1,2,1,0,0,0,1,1,1,2,1,1,1,1,1,2,2,2,0,0,1,1,2,2,2,1,0,0,0,0,2
1,69,0,1.354,0.051,0.011,2,1,1,0,0,0,0,170,75,245,1,0,0,1,1,1,1,1,1,2,2,2,2,1,0,1,1,0,0,1,=,=,1,1,1,1,1,1,1,1,1,1,1,1,1,1,1,1,1,0,0,1,1,1,2,2,2,2,0,0,0,2,2,2,2,1,1,2,2,2,2,2,1,0,0,0,1,2,2,2,2,2,1,0,0,0,1,2,2,2,2,1,1,1,2,2,1,0,1,1,0,0,1,2,2,2,1,2,2,2,2,2
1,70,0,1.811,0.064,0.023,3,2,1,4,0,0,0,79,109,188,3,2,1,1,1,0,0,0,2,2,2,1,1,1,1,1,1,1,1,1,1,1,1,1,0,0,0,1,1,1,1,1,1,1,1,1,1,0,1,0,0,0,=,0,1,0,1,1,1,1,1,1,1,2,1,0,0,0,1,=,2,2,1,0,0,0,0,1,1,0,1,1,1,1,1,1,1,1,1,1,1,0,0,1,1,2,1,1,2,1,1,0,0,1,1,1,1,2,2,2,2,2
1,71,0,2.231,0.079,0.031,3,2,3,3,0,0,0,124,79,203,3,0,2,1,1,1,1,1,1,1,=,2,2,2,1,0,1,1,1,2,1,=,0,0,0,0,0,0,0,1,2,2,2,0,1,1,1,1,0,1,1,1,1,2,2,1,1,1,1,1,2,1,0,1,1,1,1,2,2,=,1,0,0,1,1,1,1,0,0,0,0,1,1,1,1,2,0,0,0,0,1,1,1,1,1,0,1,1,1,2,2,2,0,2,2,2,1,2,2,2,2,2
1,72,0,1.764,0.053,0.020,2,0,1,0,0,0,0,180,27,207,0,0,2,2,2,2,1,1,2,1,1,1,1,2,2,1,1,2,1,0,1,1,1,1,1,1,2,1,1,1,2,2,2,1,1,2,2,2,2,2,1,1,0,1,1,0,1,1,1,1,1,2,1,1,1,1,0,1,0,0,0,0,1,1,1,1,1,0,1,1,1,1,2,2,1,1,2,1,0,0,0,1,1,1,2,2,1,1,1,1,0,0,0,1,1,1,1,2,2,2,2,2
1,73,0,2.662,0.080,0.004,0,0,2,0,0,0,0,168,42,210,0,0,2,1,1,1,1,1,0,0,0,1,1,1,1,2,2,1,0,0,0,0,0,0,0,0,1,2,2,2,2,2,2,1,1,2,2,2,0,0,1,1,1,1,0,0,2,2,2,2,2,0,1,1,1,1,1,1,1,1,2,2,2,1,1,1,1,1,1,1,1,1,1,1,2,2,2,2,0,0,0,0,1,1,0,1,1,1,1,2,2,1,1,1,1,1,2,0,2,2,2,2
1,74,0,0.994,0.041,0.019,2,0,0,0,0,0,0,156,16,172,0,0,1,2,1,1,2,1,1,1,1,1,1,1,2,0,0,0,1,1,1,1,1,2,2,2,1,1,1,1,1,1,2,2,2,1,1,0,1,1,1,1,0,0,1,2,0,1,1,1,0,1,1,1,0,0,0,2,2,2,2,2,2,0,0,1,1,0,0,0,1,1,0,1,1,1,1,1,1,1,1,2,2,1,1,1,2,2,2,1,1,1,2,1,2,2,2,0,0,0,0,0
1,75,0,1.575,0.056,0.046,1,0,1,0,0,0,0,177,41,218,0,0,1,2,2,2,2,2,2,2,2,2,1,1,1,1,1,1,2,2,1,1,1,0,1,1,1,0,0,0,1,1,1,2,2,1,1,1,=,0,0,1,1,1,2,2,1,1,1,1,1,0,0,1,1,1,1,0,1,1,1,1,0,1,1,2,1,2,2,2,1,1,1,1,1,1,2,2,1,1,0,2,2,2,2,0,0,1,1,2,2,2,1,1,1,1,1,0,0,0,0,0
1,76,0,1.750,0.059,0.024,4,2,2,1,0,0,0,105,63,168,2,3,1,0,0,0,0,1,2,1,1,1,1,1,1,0,0,0,1,2,1,1,1,1,1,1,1,2,2,2,1,1,0,1,1,0,0,1,1,1,1,2,1,1,2,=,1,1,1,1,2,1,1,1,1,1,1,2,1,1,1,1,1,1,1,1,1,0,1,1,1,1,0,1,1,1,0,2,2,2,2,0,0,0,1,0,0,2,2,2,1,1,1,2,2,1,1,2,2,2,2,2
1,77,0,1.851,0.068,0.043,2,2,2,1,2,6,0.07,152,100,252,0,0,1,1,1,1,1,1,1,1,1,1,1,1,1,1,2,2,2,2,0,0,0,0,0,0,2,2,2,2,1,1,1,1,0,0,0,1,2,2,2,0,1,1,2,2,1,1,1,1,1,2,2,2,1,1,1,1,1,1,1,1,1,0,1,1,1,0,0,0,1,1,2,1,1,0,1,1,1,1,2,2,2,2,2,1,0,0,0,1,1,0,0,1,1,1,1,2,2,2,2,2
1,78,0,1.645,0.060,0.006,4,2,2,1,0,0,0,90,120,210,2,4,0,1,1,1,1,1,0,1,1,2,2,1,1,1,2,2,1,0,1,1,1,0,1,1,0,1,1,1,1,1,0,0,0,1,1,1,0,0,1,2,1,0,0,0,1,1,=,0,0,1,1,1,1,1,1,1,1,1,1,1,1,2,2,1,1,2,2,2,2,2,2,1,1,0,0,0,0,0,2,2,2,1,0,1,1,2,2,0,0,0,1,1,1,1,1,0,0,0,0,0
1,79,0,2.295,0.067,0.029,1,2,1,3,0,0,0,222,66,288,0,0,2,1,1,1,1,0,1,1,1,0,0,0,1,1,1,1,2,2,1,1,2,2,1,1,2,2,2,1,1,1,1,2,2,2,2,2,2,2,2,2,0,1,1,1,2,2,2,2,1,2,1,1,1,1,1,1,1,1,2,2,1,2,2,2,1,1,2,2,2,2,2,2,1,1,1,2,2,2,2,1,1,1,0,1,0,0,1,1,1,1,1,0,1,1,1,2,2,2,2,2
1,80,0,1.675,0.050,0.014,4,2,3,0,2,1,0.03,124,82,206,2,2,1,1,2,1,1,1,1,2,2,2,2,2,2,2,2,1,1,1,1,1,1,1,1,1,2,2,1,1,1,1,1,1,1,0,0,1,0,1,1,1,0,0,1,1,1,1,=,0,0,1,1,1,1,1,1,0,0,0,1,1,2,0,0,1,1,0,0,0,0,0,0,0,0,1,1,2,2,2,1,2,2,2,1,0,1,0,0,1,1,2,2,1,1,0,0,0,0,0,0,0
1,81,0,1.933,0.059,0.030,4,2,3,2,0,0,0,107,112,219,4,4,0,0,0,2,2,1,0,2,2,2,1,1,=,1,1,1,1,2,=,1,1,1,1,1,1,2,2,2,1,1,1,0,0,0,0,1,=,0,0,1,0,0,1,2,2,2,2,2,1,0,0,0,0,0,1,0,0,0,0,0,1,1,1,1,0,0,0,=,0,0,1,0,0,1,2,2,1,1,1,2,2,2,1,1,2,1,1,1,1,0,1,2,2,2,1,2,2,2,2,0
1,82,0,1.436,0.041,0.015,4,2,2,2,0,0,0,109,30,138,3,3,1,0,0,0,0,0,0,0,1,1,1,1,0,1,1,0,0,0,1,1,1,2,1,1,2,1,1,1,1,0,1,0,1,1,1,1,1,1,1,0,1,2,1,1,1,1,2,2,2,1,1,1,1,1,0,1,1,1,0,1,1,1,1,0,0,1,1,1,1,0,0,0,1,2,1,1,1,1,1,2,=,2,1,0,1,2,2,1,1,1,0,2,1,1,1,0,0,0,0,0
1,83,0,1.553,0.062,0.021,4,2,4,1,0,0,0,378,0,374,2,2,1,1,1,2,2,1,2,1,1,1,1,1,0,2,1,0,0,1,0,0,0,0,0,0,0,0,0,0,0,0,0,1,1,1,1,2,1,1,1,0,1,1,0,0,1,1,1,1,2,1,1,1,0,0,0,2,0,0,0,0,1,2,2,2,1,1,0,0,0,0,1,2,2,1,0,0,0,0,0,1,1,0,0,0,0,0,1,1,1,0,0,1,1,1,1,0,0,0,0,2
1,84,0,2.026,0.057,0.015,2,0,1,0,0,0,0,133,44,177,0,0,2,2,2,1,1,1,2,2,2,2,2,1,1,1,1,=,2,1,2,2,2,2,2,2,1,2,2,2,1,1,2,1,0,0,0,2,1,0,0,1,1,2,2,1,1,1,1,1,2,0,0,0,0,0,0,1,1,1,1,1,1,1,2,2,1,0,1,1,1,1,2,2,1,1,1,1,1,1,0,2,2,2,2,2,2,2,2,1,1,1,2,1,1,1,1,0,0,0,2,2
1,85,0,1.699,0.067,0.018,1,1,1,0,0,0,0,90,67,157,1,1,2,1,1,0,0,1,1,1,1,1,1,1,0,1,1,2,2,2,1,0,0,0,0,0,1,1,1,1,1,1,2,0,0,2,2,2,0,0,0,1,1,2,2,2,1,1,1,1,1,0,0,0,0,0,0,1,0,1,1,1,1,2,1,1,1,0,1,1,1,1,1,2,2,2,1,1,1,1,1,1,2,1,1,0,0,0,0,2,2,0,0,1,2,1,1,2,2,2,2,2
1,86,0,1.759,0.065,0.021,4,2,2,2,0,0,0,168,48,216,2,2,1,1,1,2,2,2,2,2,2,1,1,1,0,1,1,1,2,2,0,1,2,2,1,1,1,1,1,1,2,2,1,1,1,0,0,0,1,2,1,0,2,2,1,2,1,1,1,1,0,1,1,1,1,1,1,0,0,0,0,0,0,1,1,1,1,0,0,0,0,1,1,2,2,1,1,1,1,1,1,1,0,0,1,2,1,0,0,2,2,1,0,2,2,2,2,2,2,2,2,2
1,87,0,1.176,0.046,0.052,4,2,2,1,0,0,0,201,0,200,1,1,1,0,0,0,0,1,1,0,1,1,1,0,1,2,2,1,1,1,1,1,1,1,0,1,2,0,0,0,0,1,2,0,0,0,0,2,2,2,1,1,0,1,1,2,2,0,0,0,1,2,2,2,1,1,1,1,1,1,2,2,2,1,2,2,2,1,1,1,0,0,0,1,1,1,1,0,0,0,1,0,1,2,1,1,1,2,2,1,1,1,2,2,2,2,2,0,0,0,0,0
1,88,0,1.449,0.052,0.001,4,0,1,0,0,0,0,135,69,204,0,0,0,2,2,1,0,0,2,1,1,1,1,0,0,0,0,0,0,0,2,2,2,2,1,1,1,2,2,2,2,2,2,1,1,1,2,2,0,1,1,0,2,2,2,2,2,2,2,1,1,2,2,2,1,1,1,1,2,2,2,2,2,1,0,0,0,1,1,1,2,2,1,1,1,2,1,1,1,1,1,1,1,1,2,1,1,1,1,2,2,2,0,0,0,1,1,0,0,0,0,0
1,89,0,1.621,0.061,0.023,4,2,3,2,0,0,0,217,49,266,3,3,0,2,2,2,2,1,2,2,1,0,=,0,0,1,1,0,0,0,0,0,0,1,1,1,2,2,2,2,2,1,1,1,1,2,2,2,1,2,1,0,2,2,1,1,2,1,1,0,0,1,1,1,1,1,1,1,1,1,1,1,0,1,1,1,1,1,1,2,2,1,1,1,1,1,1,1,1,1,0,1,1,0,0,2,2,1,1,1,0,0,2,1,2,1,1,2,2,2,2,2
1,90,1,1.012,0.045,0.024,1,2,1,0,4,23,4.46,147,28,175,0,0,2,1,1,1,1,1,1,0,0,0,0,0,0,1,2,2,2,2,1,1,1,0,0,0,2,2,2,2,2,1,1,2,1,1,1,2,=,1,0,0,2,2,2,1,0,0,1,1,1,1,1,0,0,0,0,2,1,1,1,0,1,0,0,0,1,0,0,0,0,1,1,0,0,1,1,0,0,0,2,1,1,2,2,1,1,1,1,2,1,0,0,2,2,1,1,0,0,0,0,0
1,91,1,1.976,0.079,0.033,1,0,1,0,0,0,0,114,259,373,0,0,1,2,2,2,2,1,2,2,2,2,2,1,1,1,1,1,1,1,1,1,1,1,1,1,0,0,0,1,1,1,1,0,0,0,0,1,1,1,1,0,2,1,0,1,1,1,2,2,2,1,2,2,2,2,2,0,0,0,0,0,0,0,0,1,2,1,1,1,1,0,1,1,0,0,1,0,1,1,1,0,0,0,1,1,1,1,1,2,2,0,0,1,2,2,2,2,2,2,2,0
1,92,1,1.823,0.065,0.014,2,1,1,0,0,0,0,=,=,243,1,0,0,1,1,1,1,1,1,1,0,0,1,1,1,2,2,2,2,2,1,1,1,1,1,2,2,2,2,2,0,0,1,0,0,0,0,1,1,1,2,1,0,0,0,0,2,2,2,2,2,0,0,1,1,1,2,2,1,1,1,1,1,2,2,2,2,1,1,1,1,1,1,1,1,1,0,1,1,1,1,1,1,0,0,1,1,0,0,1,1,1,1,1,1,1,1,0,0,0,0,0
1,93,1,2.111,0.060,0.023,3,2,4,4,2,1,0.13,125,35,160,4,4,1,0,0,0,0,=,1,1,1,1,1,1,1,2,2,2,1,0,2,2,2,1,1,1,2,2,2,2,1,1,0,1,1,1,1,0,1,1,1,1,0,0,0,2,1,2,2,2,2,0,0,0,0,0,0,1,1,1,1,1,2,=,0,0,0,1,1,1,1,1,1,2,2,1,1,2,2,2,2,0,0,0,0,0,1,1,2,2,2,2,1,1,1,1,1,0,0,0,2,2
1,94,1,1.791,0.081,0.029,4,2,2,1,0,0,0,60,211,270,3,0,1,2,2,1,1,1,1,2,2,2,2,=,1,1,1,1,1,1,1,1,1,1,1,1,0,1,1,2,1,1,1,2,2,1,1,2,2,2,2,1,0,0,0,0,0,0,0,0,0,1,=,2,1,1,2,1,1,1,1,1,0,2,0,0,1,0,0,0,1,1,2,2,0,0,0,0,0,0,2,1,1,1,1,2,2,2,2,0,1,1,2,1,1,1,1,0,0,0,0,0
1,95,1,2.731,0.089,0.008,1,0,1,0,0,0,0,105,288,393,0,0,1,1,0,0,0,1,1,2,2,2,2,2,1,1,1,0,0,0,1,1,1,1,0,0,1,2,2,2,1,1,1,0,0,0,1,2,2,2,2,2,0,1,2,0,0,0,0,0,0,0,0,0,0,0,0,2,2,2,2,2,2,1,0,0,0,1,0,0,1,1,2,2,1,1,1,1,1,1,2,1,1,1,1,1,0,0,0,0,1,1,1,2,2,2,2,2,2,2,2,2
1,96,1,1.111,0.041,0.018,3,2,3,2,0,0,0,79,119,99,3,3,2,1,1,1,1,1,1,1,1,1,1,1,2,0,0,0,1,1,1,1,1,1,1,2,1,1,1,1,1,1,0,2,2,1,1,1,1,1,1,1,0,1,1,2,0,0,1,1,1,2,2,2,1,1,1,0,2,2,2,2,0,1,1,2,1,0,1,1,2,2,1,1,1,0,1,0,0,0,0,2,1,1,1,1,1,0,1,1,1,1,1,1,1,1,1,0,0,0,2,2
1,97,1,1.373,0.045,0.016,3,2,4,3,0,0,0,75,124,199,4,0,0,0,1,1,2,2,0,0,0,0,0,0,0,2,2,2,1,1,1,1,1,1,2,2,1,0,0,0,0,0,0,1,1,0,0,2,1,1,1,1,2,2,2,1,0,0,0,1,1,0,0,0,0,0,0,2,2,1,1,1,1,1,2,2,2,1,1,1,0,1,1,0,0,0,0,0,0,0,1,1,1,1,1,0,0,1,2,2,2,2,1,1,1,2,2,2,2,0,0,2
1,98,1,1.424,0.062,0.011,4,1,3,0,0,0,0,65,185,250,4,2,=,2,2,2,2,2,2,1,0,0,0,1,1,2,2,1,1,0,0,0,0,0,1,1,1,1,1,1,1,1,1,1,1,1,0,1,=,0,0,0,1,1,1,1,1,1,1,1,2,1,0,0,0,1,1,0,2,2,2,2,2,1,1,1,1,0,0,0,0,1,0,0,1,2,1,0,0,0,1,2,2,2,2,1,1,1,0,1,0,0,1,2,2,2,2,0,0,0,0,0
1,99,1,1.889,0.053,0.024,3,2,4,1,0,0,0,60,161,110,4,3,0,1,2,2,2,1,0,1,0,1,1,0,0,1,1,1,1,2,2,2,1,2,2,2,0,0,0,0,0,0,=,2,2,1,0,1,1,1,1,1,1,1,1,1,1,1,1,1,1,1,1,1,1,1,1,0,1,1,1,0,0,1,1,1,1,2,1,1,1,1,1,1,2,1,2,=,1,1,1,1,1,1,1,1,1,2,2,1,1,1,1,1,2,2,2,2,2,2,2,2
1,100,1,2.197,0.076,0.016,2,0,1,0,0,0,0,77,186,263,0,0,=,=,0,1,1,1,1,0,0,1,1,1,1,1,1,0,0,0,2,1,1,1,1,2,0,1,1,1,0,0,0,0,0,0,0,2,1,1,2,=,1,2,2,1,1,1,1,2,1,1,1,1,1,1,1,0,0,0,1,1,1,2,2,1,1,1,2,2,2,1,1,2,2,0,1,2,2,2,2,1,1,1,1,=,1,0,0,1,1,=,0,1,1,1,1,2,2,2,2,2
1,101,1,1.449,0.050,0.019,4,2,3,3,0,0,0,89,144,233,4,4,1,1,1,1,2,2,2,1,2,1,1,1,1,1,1,1,1,1,1,1,1,1,1,1,1,1,1,0,0,0,=,2,2,0,0,0,1,1,1,1,0,0,1,1,0,0,0,0,0,1,1,1,1,1,1,1,1,1,1,1,0,0,0,0,0,1,1,1,0,0,1,1,1,1,2,0,0,0,0,0,0,0,0,1,2,2,2,1,1,1,0,0,0,0,0,2,2,2,2,2
1,102,1,2.250,0.074,0.029,4,2,4,4,0,0,0,79,297,376,2,4,2,2,2,2,0,0,1,1,1,0,1,1,1,1,1,1,0,0,1,2,2,2,2,2,0,1,2,2,2,2,=,2,2,0,0,0,2,1,1,2,1,1,0,0,2,2,1,1,1,0,0,0,0,0,0,1,1,1,1,1,1,1,1,1,2,1,1,1,2,2,1,0,0,1,1,1,2,2,2,1,2,2,1,1,1,0,0,0,0,0,2,0,0,0,1,2,2,=,0,0
1,103,1,1.138,0.038,0.020,0,0,1,0,0,0,0,77,164,241,0,0,2,2,1,1,0,0,1,1,1,1,1,1,2,0,0,0,0,0,0,0,1,2,2,2,1,1,1,1,0,0,0,0,0,0,0,1,=,0,1,2,2,1,1,2,0,0,1,1,1,1,1,2,2,2,2,1,1,1,1,1,1,1,2,1,1,0,0,0,2,2,1,1,1,1,1,2,2,2,0,2,2,2,2,0,0,1,1,0,1,1,1,1,1,2,2,0,2,2,2,0
1,104,1,2.331,0.063,0.019,2,0,1,0,0,0,0,72,204,276,0,0,1,1,1,0,0,0,2,2,2,1,1,0,1,0,0,0,1,1,1,1,1,1,1,1,2,2,2,2,2,2,1,1,2,1,1,1,1,1,1,2,2,2,2,2,2,1,0,0,2,0,0,0,2,2,2,1,2,2,2,2,1,1,1,0,0,2,2,2,2,1,1,1,0,1,2,2,2,2,1,2,2,2,1,1,0,1,1,1,1,1,2,1,1,0,0,2,2,2,2,0
1,105,1,2.577,0.082,0.031,4,2,2,1,0,0,0,63,224,287,2,0,2,2,2,2,2,2,1,2,2,2,2,1,0,1,1,2,1,1,1,1,1,0,1,1,1,1,1,1,2,2,1,1,1,1,1,2,1,2,2,1,1,1,0,0,2,2,2,2,2,1,1,1,0,0,0,0,0,0,0,1,1,1,0,0,1,0,0,1,1,1,0,0,0,0,0,1,1,1,0,0,1,1,1,1,0,1,1,1,1,2,2,2,2,2,2,2,2,2,2,2
1,106,1,2.508,0.074,0.014,4,2,3,2,0,0,0,58,165,223,3,2,0,1,1,0,0,0,1,1,1,1,1,1,1,1,1,1,2,2,1,1,1,1,1,1,0,1,1,1,1,1,1,0,0,0,0,0,1,1,2,2,1,1,2,1,1,1,1,2,2,1,0,0,1,1,1,0,0,0,0,0,2,2,2,2,2,0,0,1,1,1,1,1,1,1,1,1,1,1,1,1,2,2,2,1,0,0,1,1,0,0,1,1,1,0,0,2,2,2,0,0
1,107,1,1.350,0.045,0.013,3,2,4,4,0,0,0,56,224,280,4,2,1,1,1,1,1,2,2,1,1,1,1,1,1,1,1,1,1,1,1,2,2,2,2,2,2,2,2,2,2,2,1,1,0,0,0,0,2,1,2,1,0,0,1,1,0,0,0,0,0,1,1,1,2,2,2,1,1,1,1,1,1,2,2,2,1,1,1,1,1,0,1,0,0,0,2,2,2,2,2,1,2,2,1,2,2,2,2,0,0,0,1,0,0,1,1,0,2,2,2,2
1,108,1,1.908,0.050,0.021,2,0,1,0,0,0,0,83,92,175,0,0,1,1,1,1,1,1,2,2,2,1,1,0,1,1,1,1,1,1,2,2,2,2,2,2,1,0,0,1,1,1,2,1,1,1,1,0,1,1,2,2,2,2,2,2,0,1,1,1,1,1,1,1,0,0,0,2,2,1,1,1,1,2,1,1,1,0,0,0,0,1,2,1,1,2,2,1,1,1,1,1,1,1,1,2,2,1,1,0,0,0,1,2,2,1,1,2,2,2,2,2
1,109,1,1.549,0.069,0.039,2,0,0,0,0,0,0,82,211,293,0,0,2,1,1,1,1,1,0,1,1,1,1,1,1,1,1,1,2,2,0,0,0,0,0,1,1,1,1,1,1,1,2,1,0,0,0,0,1,1,0,1,2,2,1,0,2,2,2,2,2,0,0,0,0,0,1,2,2,2,2,1,1,1,1,1,1,0,0,0,1,1,1,1,1,1,1,0,0,0,0,0,0,1,1,1,1,1,1,1,0,0,0,2,2,2,2,0,0,0,0,0
1,110,1,1.801,0.055,0.019,4,2,3,3,0,0,0,90,207,297,3,4,1,1,1,1,1,0,0,=,1,1,1,2,1,1,1,1,1,2,1,1,0,1,0,0,1,1,1,=,2,2,2,0,0,0,1,1,2,1,1,2,1,2,2,1,0,0,0,0,0,1,1,1,1,1,1,1,1,1,1,1,1,1,2,2,2,2,1,1,1,1,1,2,2,2,0,=,1,1,2,2,2,2,2,0,0,1,1,1,1,1,0,0,0,0,0,2,2,2,0,0
1,111,1,0.973,0.036,0.024,0,0,1,0,0,0,0,100,67,167,0,0,1,2,2,1,1,1,0,0,2,0,0,1,2,1,1,1,1,=,0,0,0,0,1,1,1,0,0,0,0,0,1,0,0,0,0,0,1,1,1,0,0,1,2,2,1,1,1,1,1,0,0,0,0,0,0,2,1,1,1,1,1,1,1,1,2,2,2,2,2,2,0,1,1,0,1,1,0,0,0,1,0,0,1,1,2,1,1,1,1,0,0,0,1,1,1,0,0,0,0,0
1,112,1,1.525,0.058,0.012,3,2,3,1,0,0,0,57,273,330,3,1,=,0,0,=,1,1,0,0,2,0,0,0,0,0,0,0,0,0,1,1,=,0,0,0,0,1,1,1,0,0,0,1,0,0,0,0,0,0,0,=,0,0,0,0,1,1,1,0,0,0,1,1,1,1,1,0,1,1,1,1,1,0,0,0,0,0,0,0,1,1,1,1,1,=,1,0,0,0,0,0,0,1,1,0,0,0,0,0,0,0,0,0,0,0,0,2,2,2,2,2
1,113,1,1.517,0.057,0.032,3,2,2,2,0,0,0,48,389,437,3,0,0,0,0,1,1,1,1,1,1,1,1,1,1,1,1,1,1,1,1,1,1,1,1,2,0,0,0,0,0,0,0,0,0,0,0,0,1,1,1,0,0,0,1,1,0,0,0,0,0,1,1,0,0,0,0,1,0,0,0,0,1,1,1,1,1,0,0,0,0,0,0,0,0,1,0,0,1,1,1,0,0,0,0,1,1,1,1,0,1,1,1,1,0,0,0,0,0,0,2,2
1,114,1,1.636,0.060,0.020,4,2,3,1,0,0,0,50,226,276,4,3,0,0,1,1,1,1,0,0,0,1,1,1,1,0,0,0,1,1,0,1,1,1,0,0,0,0,0,0,0,0,0,1,1,0,0,0,0,0,1,0,1,0,0,0,1,1,1,1,0,0,0,0,1,1,1,1,1,1,1,1,1,=,1,1,0,0,0,0,1,1,0,0,0,0,0,1,1,1,1,0,0,0,0,0,0,0,0,0,0,0,1,1,1,1,1,0,0,0,0,0
1,115,1,1.753,0.065,0.010,4,2,3,1,0,0,0,64,430,494,3,2,0,1,1,1,1,1,0,1,1,1,1,1,0,0,0,0,0,0,1,1,1,1,0,0,1,1,1,1,0,0,0,1,0,0,0,0,1,0,0,0,1,1,0,0,1,1,1,1,0,1,=,0,0,0,0,0,1,1,1,0,0,1,0,0,0,0,0,0,1,1,1,0,0,1,1,0,0,0,0,1,1,1,1,1,1,1,1,0,0,0,0,0,1,1,1,2,2,2,2,2
1,116,1,2.135,0.075,0.021,3,2,3,2,0,0,0,99,210,309,2,4,0,1,1,1,1,1,=,1,1,1,1,1,1,0,0,0,0,0,1,1,1,1,0,0,=,0,0,1,1,1,1,1,1,1,1,1,1,1,1,1,1,1,0,0,1,0,0,0,0,0,0,0,0,0,0,1,1,1,1,1,1,0,0,1,1,1,1,1,1,0,1,1,1,1,1,0,0,1,0,0,0,0,0,1,1,1,1,0,0,0,0,0,0,0,1,0,2,2,2,2
1,117,1,1.853,0.068,0.024,4,1,2,0,0,0,0,100,311,411,3,1,0,1,1,1,1,1,1,1,1,1,1,1,1,1,1,1,0,0,1,1,0,0,1,1,0,0,0,0,0,0,0,1,1,1,1,0,1,1,1,1,1,1,0,1,1,1,1,0,0,1,1,1,0,0,0,0,0,0,0,0,1,=,0,0,0,0,0,0,1,1,0,0,0,0,0,1,1,1,1,0,1,1,1,1,0,0,0,1,1,1,0,0,0,0,0,0,0,0,2,2
1,118,1,1.428,0.051,0.081,2,0,1,0,0,0,0,61,186,247,0,0,1,1,1,1,1,1,1,1,1,1,1,1,2,2,2,2,2,1,1,=,0,0,0,0,2,1,=,1,1,1,0,2,2,2,2,2,2,2,1,1,0,0,1,1,1,1,1,1,0,1,1,1,1,1,1,0,1,1,1,1,0,0,1,1,1,0,0,0,0,0,1,1,1,1,1,2,2,2,1,1,1,1,0,0,0,1,1,0,1,2,2,1,0,0,0,2,2,2,2,0
1,119,1,2.270,0.071,0.002,3,0,1,0,0,0,0,93,143,236,0,0,1,2,2,2,1,1,1,1,1,1,1,2,2,1,1,1,1,0,0,0,1,1,1,2,1,1,1,1,0,0,0,2,1,1,1,0,0,1,0,0,1,2,2,2,1,1,1,1,0,1,1,0,0,0,0,1,2,2,2,2,2,2,2,2,2,0,0,0,1,2,1,1,1,2,1,1,1,1,1,1,1,0,0,2,=,1,1,1,1,1,2,1,2,2,2,2,2,2,2,2
1,120,1,1.215,0.047,0.022,4,2,4,2,0,0,0,81,184,264,4,2,2,2,2,2,2,2,1,1,1,1,1,1,1,1,1,1,1,1,1,1,1,0,0,0,2,1,1,1,2,2,1,1,1,1,1,1,2,1,1,1,2,2,2,1,1,1,1,1,2,2,1,1,1,1,1,1,2,2,2,1,0,1,1,1,1,0,0,0,0,1,1,1,1,2,2,2,1,1,1,1,1,1,1,0,0,2,2,1,2,2,1,1,1,1,1,2,2,2,2,2
1,121,1,1.499,0.051,0.025,4,2,4,1,0,0,0,194,98,292,4,4,1,0,0,0,0,0,0,0,0,0,0,0,0,2,2,1,1,1,0,1,1,1,1,2,0,=,1,1,1,1,1,0,0,0,0,1,0,0,0,1,2,2,1,1,2,2,2,2,2,2,2,2,2,2,2,1,1,1,1,1,1,1,1,1,1,1,1,1,0,0,1,2,2,1,0,0,0,0,1,1,2,1,1,2,1,1,0,0,0,1,2,0,0,1,1,2,2,2,2,2
1,122,1,1.628,0.052,0.028,1,0,1,0,0,0,0,88,167,254,0,0,2,2,2,2,2,2,0,0,0,0,1,1,2,1,1,1,1,2,2,1,1,1,1,1,0,1,1,1,1,1,2,1,1,2,2,2,0,0,0,1,0,0,0,1,0,0,=,2,2,1,1,1,1,1,1,1,1,2,2,2,2,1,0,0,0,1,1,1,1,2,1,0,0,0,2,2,2,2,1,0,0,1,1,2,2,1,1,0,0,1,1,0,0,0,1,2,2,2,2,2
1,123,1,1.760,0.055,0.029,1,0,1,0,0,0,0,70,172,242,0,0,=,1,0,0,0,0,0,1,1,1,1,1,0,1,1,1,0,=,1,1,1,2,2,2,1,1,1,1,1,1,0,2,2,2,2,1,2,2,2,2,0,0,1,1,1,2,=,1,0,1,1,1,1,0,0,0,0,0,1,1,1,2,1,1,1,1,1,1,1,1,1,1,1,0,0,0,0,0,0,2,2,2,2,1,1,1,1,0,0,=,1,2,2,1,1,2,2,2,2,2
1,124,1,1.964,0.077,0.020,2,0,1,0,0,0,0,76,262,338,0,0,=,1,2,1,2,2,1,1,1,1,1,1,1,1,1,1,=,2,0,1,1,1,1,1,2,2,2,2,2,2,1,1,1,2,2,2,=,1,2,0,1,1,0,1,2,2,2,2,1,1,1,0,0,0,0,1,2,2,2,2,0,0,0,1,1,1,1,1,1,0,1,0,0,=,0,0,0,0,0,1,1,1,1,0,1,1,1,0,0,2,1,1,1,1,1,2,0,0,0,0
1,125,1,1.678,0.056,0.026,2,0,1,0,0,0,0,75,130,205,0,0,0,1,1,2,2,0,1,1,1,1,0,0,0,1,1,1,1,1,1,1,1,1,1,1,2,1,1,1,1,1,2,0,0,0,0,1,1,0,0,1,1,1,1,1,1,2,2,2,1,0,1,1,1,1,0,1,1,1,1,1,1,0,0,0,1,2,1,1,1,0,1,0,0,0,0,0,1,1,2,0,0,0,0,1,1,1,1,1,0,0,0,0,1,1,1,2,0,0,0,0
1,126,1,1.811,0.065,0.003,1,0,1,0,0,0,0,50,140,190,0,0,1,0,0,0,0,0,1,1,1,1,1,1,1,1,1,1,2,1,1,1,1,1,1,2,1,1,1,1,0,0,1,1,1,1,2,2,1,1,1,2,1,1,1,=,1,1,1,1,1,1,1,1,1,0,1,1,2,2,2,2,1,1,1,1,1,1,1,1,1,0,1,1,1,1,2,1,1,1,1,0,0,1,1,2,0,0,0,2,2,2,1,0,0,1,1,0,0,0,0,2
1,127,1,2.692,0.075,0.015,3,2,4,1,0,0,0,75,169,244,4,1,2,1,1,1,1,1,1,1,1,2,2,2,2,1,1,0,0,1,1,1,1,1,2,2,2,2,2,2,2,2,1,1,1,1,1,1,1,1,0,1,1,1,1,1,2,1,1,1,0,1,1,1,1,1,1,1,2,2,2,2,1,1,2,2,1,1,0,0,0,0,1,1,1,1,0,0,0,0,1,0,0,0,0,1,1,1,1,1,2,2,1,0,0,0,1,2,2,2,2,2
1,128,1,1.364,0.051,0.025,2,0,1,0,0,0,0,82,70,152,0,0,1,1,1,0,0,0,1,1,1,1,1,1,1,1,1,1,1,1,1,0,0,0,1,1,1,1,1,1,2,2,2,2,2,1,1,2,=,2,2,0,0,1,1,1,1,1,1,1,2,0,0,0,1,1,1,1,1,1,1,1,1,0,0,0,2,1,1,1,1,1,1,1,0,0,1,1,0,0,1,2,2,2,2,1,2,2,2,1,0,1,1,1,1,2,1,0,0,2,2,2
1,129,1,2.868,0.092,=,=,=,=,=,=,0,0,128,128,256,=,=,0,0,0,1,1,1,1,2,2,2,2,1,1,1,1,1,1,1,1,1,1,1,1,1,2,2,2,2,2,2,2,2,2,2,2,2,1,1,1,1,1,1,1,0,2,2,2,2,0,1,1,1,1,1,1,2,2,2,2,2,2,2,1,1,2,0,0,0,0,0,1,2,2,2,0,1,0,0,0,1,1,1,2,1,1,1,0,2,2,2,1,0,0,0,0,0,0,0,0,0
1,130,1,2.603,0.080,0.025,3,2,2,1,0,0,0,106,204,310,2,3,1,1,=,2,1,1,1,1,1,1,1,1,0,2,2,2,2,2,1,1,1,1,2,1,0,2,2,2,2,2,2,0,0,0,0,1,1,1,2,1,1,1,1,1,2,1,1,1,1,1,1,1,1,1,1,1,2,2,2,2,2,1,0,0,0,0,1,1,1,0,1,1,1,1,1,0,0,0,1,2,2,1,1,1,1,0,0,0,1,1,2,1,0,0,0,0,0,0,0,2
1,131,1,1.395,0.052,=,=,=,=,=,=,0,0,89,125,214,=,=,2,2,2,2,2,1,0,0,0,1,1,0,0,1,1,1,2,2,1,1,1,1,1,2,1,1,1,2,2,2,1,1,2,1,1,1,0,0,0,2,1,0,0,0,2,2,2,2,2,1,1,2,2,2,2,1,1,1,0,0,1,0,0,1,1,0,0,0,0,0,2,2,1,0,2,0,1,2,1,0,1,1,1,2,2,2,2,1,0,0,1,1,1,0,0,0,0,0,0,2
1,132,1,2.004,0.055,0.023,1,0,1,0,0,0,0,86,116,101,0,0,2,2,1,1,1,=,1,2,2,2,2,2,2,2,2,1,1,2,2,2,2,2,1,1,2,2,2,2,2,2,2,1,2,2,2,2,1,1,1,1,1,0,1,1,1,1,1,0,0,2,2,2,2,2,2,1,0,0,0,0,1,1,1,2,2,2,2,2,2,2,2,2,1,1,2,2,2,2,1,0,0,0,1,2,2,=,1,0,0,0,0,1,1,1,1,2,2,2,2,0
1,133,1,1.536,0.054,0.015,4,2,4,1,0,0,0,92,146,238,4,1,1,1,0,0,2,2,1,0,0,0,0,0,1,1,=,0,0,0,1,0,0,0,2,2,1,=,1,1,1,1,1,1,1,1,1,1,1,2,2,2,0,0,1,1,1,1,2,2,2,1,1,1,1,1,1,0,1,1,1,1,1,0,1,1,0,2,2,2,2,1,0,0,1,2,1,1,1,1,2,1,1,1,0,2,1,2,2,1,2,2,2,2,1,1,0,0,0,0,2,2
1,134,1,2.354,0.071,0.043,3,2,3,2,0,0,0,92,165,257,3,4,2,2,2,2,2,1,1,0,0,0,1,1,1,1,1,1,1,1,0,0,0,0,0,0,1,1,1,1,1,1,2,2,2,1,1,1,2,2,2,2,1,1,1,1,2,2,2,2,1,0,0,0,0,0,0,2,1,1,1,1,1,1,1,1,1,1,1,1,1,2,1,0,1,1,1,2,2,1,2,2,2,2,2,1,0,0,1,2,2,2,2,1,0,0,0,0,0,0,0,0
1,135,1,1.584,0.049,0.013,2,0,1,0,0,0,0,75,91,166,0,0,2,2,2,1,1,0,1,1,1,2,2,2,1,1,2,1,1,=,2,2,0,2,0,0,1,1,1,1,1,1,2,0,0,1,1,1,0,2,2,1,2,2,2,0,1,1,1,1,0,0,1,1,1,1,1,1,1,2,2,1,2,2,2,2,1,1,0,0,0,1,1,0,0,0,0,=,1,1,1,0,0,0,0,1,1,0,0,1,0,0,0,1,2,2,2,0,0,0,0,0
1,136,1,1.802,0.054,0.027,2,2,4,4,0,0,0,76,242,318,4,3,1,1,1,1,1,0,1,1,1,1,1,1,1,2,2,2,1,1,0,0,1,0,1,1,1,1,1,1,2,2,2,0,0,1,1,1,2,2,2,1,1,1,1,2,2,2,2,2,1,1,1,1,1,1,1,1,1,1,1,1,0,0,0,1,1,1,1,1,0,0,2,1,0,0,1,1,1,1,1,1,1,1,1,1,2,2,2,0,0,0,1,1,1,0,0,2,2,2,2,2
1,137,1,1.603,0.059,0.017,0,0,1,0,0,0,0,113,127,240,0,0,1,1,1,1,0,=,2,2,2,1,1,1,1,0,0,0,0,1,0,0,0,0,1,1,1,1,1,0,0,1,=,2,2,2,2,1,2,2,2,2,1,1,1,1,0,1,2,2,1,0,0,0,1,1,1,1,1,1,2,2,0,1,1,1,=,0,0,0,1,1,1,0,=,1,1,1,=,=,2,1,1,1,1,1,1,=,2,=,1,1,1,1,1,2,=,2,2,2,0,0
1,138,1,1.707,0.045,0.009,2,0,1,0,0,0,0,63,167,230,0,0,2,2,2,2,1,1,0,0,0,1,1,1,1,0,1,1,1,1,2,2,2,2,2,2,2,2,2,2,1,1,1,0,0,1,1,=,2,2,0,1,1,1,1,1,0,0,0,0,=,2,1,1,0,0,0,0,1,1,1,=,2,0,0,0,1,0,=,1,1,1,1,1,0,0,0,0,1,1,1,0,=,2,2,0,1,1,1,1,2,2,2,1,1,1,1,2,2,2,2,2
1,139,1,1.557,0.054,0.007,4,0,2,0,0,0,0,91,281,372,0,0,=,1,1,1,0,0,0,0,0,1,1,2,1,1,1,1,1,2,1,0,0,=,2,1,0,2,2,2,2,1,0,2,1,1,1,=,1,2,1,=,1,0,0,1,0,0,0,0,=,0,0,1,1,1,1,0,1,1,1,2,2,2,1,0,0,1,1,1,1,1,1,0,0,2,0,0,0,0,0,1,1,0,0,2,1,1,1,2,1,1,1,1,1,1,2,2,2,2,2,2
1,140,1,1.205,0.047,0.018,1,0,1,0,0,0,0,78,108,186,0,0,0,0,1,1,1,1,2,1,1,1,1,1,2,1,1,1,1,1,1,1,1,1,0,0,1,1,1,1,0,0,0,2,1,1,1,1,0,0,0,0,1,1,1,2,2,1,1,1,1,0,0,0,0,0,1,2,2,2,2,1,0,0,0,0,1,0,0,0,0,=,1,1,0,0,=,0,0,=,2,0,0,0,0,1,0,1,1,1,1,1,0,0,0,1,1,0,2,2,2,2
1,141,1,1.577,0.053,0.025,1,0,1,0,0,0,0,107,137,244,0,0,1,1,1,1,1,1,1,1,1,1,0,1,1,1,1,1,2,1,1,1,1,1,1,1,1,0,0,0,0,1,1,1,1,2,2,1,2,2,2,1,0,0,1,1,1,2,2,2,1,1,2,2,2,2,0,0,0,0,0,0,0,0,1,1,1,2,2,1,1,1,2,2,2,2,1,1,1,1,1,1,1,=,=,1,1,0,0,1,1,1,1,1,1,1,1,2,2,2,2,2
1,142,1,1.390,0.046,0.033,2,2,1,4,0,0,0,110,117,227,0,0,0,0,0,0,1,1,0,0,0,0,0,0,0,1,1,1,1,0,1,1,1,1,1,0,2,1,1,1,2,2,2,2,2,2,1,0,0,0,0,1,1,0,0,0,1,1,1,1,2,1,1,2,2,2,2,1,1,1,2,2,2,0,0,0,0,1,1,1,2,1,2,1,2,2,2,2,1,1,1,1,1,1,1,1,1,1,1,1,1,1,1,0,0,0,0,0,2,2,2,0
1,143,1,1.668,0.059,0.027,1,2,1,0,4,5,0.77,147,129,276,1,0,=,1,1,1,1,1,0,0,1,1,1,1,2,1,1,1,1,1,1,1,1,1,2,2,2,1,1,1,1,1,1,1,1,1,1,2,1,1,1,1,1,1,0,1,2,2,2,2,2,1,=,2,2,2,2,1,1,1,1,1,0,0,0,0,0,0,0,0,0,1,1,0,0,0,1,0,0,0,1,1,1,1,=,1,1,1,0,2,2,2,1,1,1,1,0,0,0,0,0,2
1,144,1,1.578,0.056,0.000,1,0,1,0,0,0,0,97,233,330,0,0,2,0,0,1,1,1,0,0,0,2,2,2,1,2,2,1,0,0,1,1,1,1,0,0,1,1,1,1,1,1,1,2,2,2,1,1,1,1,1,1,1,1,1,2,1,1,2,2,2,2,2,2,1,1,1,0,0,0,1,1,2,0,0,0,1,0,0,0,0,1,1,1,1,1,0,0,1,1,1,2,2,1,1,0,0,1,1,1,1,1,2,1,1,1,1,2,2,2,2,2
1,145,1,1.334,0.046,0.018,1,0,0,0,0,0,0,131,135,266,0,0,1,2,2,2,2,2,0,0,0,1,1,1,0,1,1,0,0,0,=,2,2,2,2,1,2,=,1,1,1,1,0,2,2,2,2,1,1,2,2,1,0,0,0,0,2,2,2,2,1,0,=,1,1,1,1,2,1,1,1,0,0,=,1,1,1,1,0,1,2,=,1,1,2,2,=,1,1,=,2,2,2,2,2,1,1,1,1,2,2,2,1,0,0,0,1,2,0,0,0,2
1,146,1,1.008,0.044,0.017,4,2,3,2,0,0,0,60,74,133,3,4,2,0,0,0,0,0,2,0,0,0,0,1,2,1,1,2,2,1,1,1,1,1,1,1,1,0,0,0,0,0,1,1,1,1,1,0,1,1,1,1,2,2,2,1,1,1,1,1,1,1,1,1,1,1,1,0,0,0,0,1,2,1,2,1,1,0,0,0,1,0,1,1,1,1,1,0,0,0,0,1,1,1,0,1,1,1,1,1,2,2,2,1,1,1,1,2,2,2,2,2
1,147,1,1.100,0.052,0.034,2,1,2,0,0,0,0,141,225,366,2,1,1,2,2,2,2,2,0,0,0,1,1,2,2,1,1,2,2,1,1,1,1,1,1,1,0,0,0,0,0,0,0,0,0,0,0,1,1,1,2,2,2,2,2,2,1,1,1,2,2,2,2,2,1,1,1,2,2,2,2,1,1,1,2,2,2,1,1,1,1,1,1,1,1,2,0,=,1,1,2,1,1,1,1,1,1,1,2,1,1,2,2,1,1,1,1,0,0,0,2,2
1,148,1,1.861,0.056,0.013,1,0,1,0,0,0,0,78,110,188,0,0,2,1,1,1,1,1,0,1,1,1,1,1,1,1,1,1,1,1,0,0,1,0,0,0,2,0,0,0,0,0,2,0,0,0,0,0,0,0,0,0,1,1,2,2,1,1,1,2,1,0,=,1,1,1,0,1,0,0,1,1,1,2,2,2,1,=,1,2,2,1,1,1,1,1,1,0,0,0,1,2,2,2,2,1,1,1,2,1,1,1,0,2,2,2,2,0,0,0,0,2
1,149,1,2.040,0.061,0.002,0,0,1,0,0,0,0,110,206,316,0,0,1,1,1,2,2,2,0,0,0,1,1,0,0,1,1,1,1,2,1,0,0,0,0,0,0,1,1,=,0,1,1,2,2,2,2,2,1,2,2,0,1,0,0,0,1,1,1,1,0,1,=,2,2,2,2,1,1,1,1,1,1,2,2,1,0,1,0,0,0,0,2,2,1,=,1,2,2,1,1,2,2,2,2,2,2,1,0,0,0,0,0,1,1,1,1,2,2,2,2,0
1,150,1,1.558,0.069,0.027,0,2,4,3,0,0,0,50,367,417,4,0,2,2,2,2,1,0,0,0,0,1,1,1,0,2,2,2,2,1,1,1,1,1,1,2,=,1,1,=,2,2,2,1,1,1,1,1,=,=,1,2,1,1,1,0,1,1,1,1,2,2,1,1,1,1,1,1,2,2,2,2,2,1,1,1,1,0,0,0,=,1,0,0,1,1,1,0,1,1,1,0,0,0,1,1,1,1,1,2,1,1,0,1,1,1,1,2,0,0,0,0
1,151,1,2.426,0.065,0.008,4,2,2,2,0,0,0,83,157,240,2,3,0,0,0,1,1,0,1,1,1,0,0,0,0,0,0,1,1,1,1,1,1,2,2,2,=,2,2,2,1,1,0,0,0,0,0,0,1,1,1,1,1,1,1,0,1,1,1,0,2,0,0,0,0,1,1,2,2,2,1,1,0,1,1,1,2,1,1,1,1,2,0,0,0,0,2,2,2,2,2,1,1,1,1,1,0,0,1,1,2,2,2,1,1,2,2,0,0,0,0,0
1,152,1,1.893,0.073,0.016,3,2,2,1,4,11,1.96,89,161,250,1,1,1,2,2,1,0,0,1,1,1,1,1,0,0,1,=,0,1,2,0,0,0,0,0,0,=,2,2,2,1,1,0,1,1,1,1,1,1,1,1,1,1,1,1,0,2,2,2,2,2,1,1,1,1,1,2,1,1,1,1,1,2,2,2,2,2,1,1,1,1,1,0,0,0,=,1,1,1,1,2,1,1,0,0,0,0,0,0,2,2,2,2,2,1,1,1,0,0,0,0,0
1,153,1,1.146,0.040,0.021,4,2,4,3,0,0,0,85,191,276,4,3,0,1,0,1,1,1,1,0,0,0,0,0,0,0,0,0,0,1,0,0,0,0,1,1,=,1,1,1,1,1,1,2,2,2,2,1,1,1,1,1,0,0,1,2,1,1,1,1,1,1,1,1,1,1,1,1,1,1,1,1,1,2,2,1,1,1,1,1,1,2,1,0,0,0,1,2,2,2,2,0,0,0,0,1,1,2,2,1,2,2,2,1,1,1,2,2,2,2,2,0
1,154,1,2.547,0.110,0.042,4,2,2,2,0,0,0,90,190,280,2,3,1,1,1,1,1,2,1,1,1,1,1,1,1,1,1,2,2,1,0,0,0,1,1,1,1,1,1,2,1,1,2,0,0,1,1,1,1,1,0,1,2,2,2,1,0,1,1,2,2,2,=,1,2,2,2,2,2,2,2,2,0,1,2,2,2,2,1,1,1,0,1,1,2,2,1,1,1,1,1,1,0,0,0,0,0,0,0,2,2,1,0,0,0,0,0,2,2,2,2,2
1,155,1,1.758,0.054,0.010,1,0,1,0,0,0,0,100,171,271,0,0,0,1,0,0,1,1,1,1,1,1,1,0,0,1,1,1,0,0,1,1,1,1,1,1,1,2,2,1,0,0,0,1,1,1,1,1,1,0,0,1,1,0,0,0,1,1,1,1,1,1,1,1,1,1,1,0,0,0,0,0,0,0,2,2,2,1,1,1,1,1,0,0,0,0,1,2,1,1,1,1,1,1,1,1,1,0,1,2,2,2,2,1,1,1,1,2,2,2,2,2
1,156,1,1.219,0.049,0.016,4,2,2,2,0,0,0,124,145,269,2,4,=,0,1,2,2,2,0,0,1,1,1,2,1,1,1,1,2,2,0,0,0,0,1,1,1,0,0,0,0,0,0,1,1,1,1,1,2,2,1,1,1,1,2,1,2,1,1,1,1,2,2,1,1,1,1,2,2,2,2,1,1,1,2,2,1,2,2,2,1,1,1,1,1,1,0,0,0,0,0,1,1,1,1,1,2,2,2,1,1,1,2,1,0,0,0,0,0,0,0,0
1,157,1,1.927,0.058,0.014,4,2,2,4,0,0,0,85,171,256,2,3,2,2,1,1,1,1,1,0,0,1,1,1,1,0,0,0,2,2,1,1,0,0,0,1,2,2,2,2,1,1,1,2,2,1,1,0,1,2,2,2,1,1,1,1,0,0,0,1,1,1,1,1,0,0,0,1,0,0,0,0,0,1,1,1,1,2,2,2,1,1,1,2,2,1,2,2,2,2,1,1,1,1,1,1,1,1,1,0,0,0,0,2,2,2,2,2,2,2,2,2
1,158,1,1.886,0.064,0.065,1,0,1,0,0,0,0,64,279,343,0,0,0,1,1,1,1,0,2,1,1,1,1,2,2,1,1,1,0,1,0,0,0,0,1,1,0,0,0,0,0,1,1,1,1,1,1,0,2,1,1,1,1,1,1,1,1,1,1,1,1,1,1,1,0,0,0,1,1,1,1,2,2,0,0,1,2,0,0,1,1,1,1,1,1,1,1,1,1,1,1,1,1,1,1,2,2,1,0,1,1,1,2,1,1,1,1,2,2,2,2,2
1,159,1,1.602,0.058,0.026,3,2,4,4,0,0,0,104,161,265,4,2,0,2,2,2,2,2,2,2,2,1,1,0,0,0,0,0,0,1,1,1,0,0,0,0,2,1,0,0,0,0,1,2,2,1,1,0,1,1,2,2,1,0,0,0,1,=,0,0,1,1,0,0,0,0,0,2,2,2,2,2,2,0,1,1,1,1,1,1,0,0,0,0,1,1,1,0,0,0,1,2,1,1,1,1,2,1,1,1,1,0,0,1,1,1,2,2,2,2,2,0
1,160,1,1.349,0.045,0.018,2,1,4,0,0,0,0,113,137,250,3,3,2,1,1,=,2,1,0,1,1,1,1,1,2,1,1,2,2,1,2,2,0,2,1,1,1,1,1,1,1,1,1,1,2,1,1,1,1,2,1,0,2,2,2,2,1,1,1,1,1,0,0,0,0,0,0,1,1,1,1,1,0,2,2,1,1,2,2,2,2,2,1,1,1,1,1,1,1,2,2,2,2,1,1,1,2,1,1,1,1,1,0,1,1,1,2,0,2,2,2,2
1,161,1,2.002,0.061,0.012,4,2,4,4,1,1,0.06,100,149,249,0,4,1,1,1,1,1,1,0,0,0,1,1,2,2,1,1,1,1,2,1,1,1,1,0,0,2,2,2,2,2,2,2,1,1,1,0,0,1,1,2,2,1,2,2,2,1,1,1,1,1,2,2,2,2,2,1,0,0,0,1,1,1,1,1,1,1,1,1,1,1,1,1,0,0,2,1,1,0,0,0,1,1,0,0,1,1,1,2,0,0,2,0,2,1,1,1,0,0,0,0,0
1,162,1,1.673,0.052,0.026,0,0,0,0,0,0,0,121,142,263,0,0,1,1,1,2,2,2,0,0,0,1,1,1,1,2,1,1,2,2,0,0,0,0,1,1,2,1,1,0,0,0,2,2,1,1,1,2,=,=,2,1,1,1,1,0,1,1,2,2,2,1,1,0,0,0,0,1,1,1,1,1,2,0,1,1,1,1,1,1,2,2,1,1,1,2,1,1,1,1,1,1,1,1,1,1,1,1,0,1,1,1,1,0,0,0,0,0,0,0,0,0
1,163,1,2.204,0.071,0.026,3,2,4,4,0,0,0,114,110,224,4,2,1,1,1,0,0,0,1,1,1,1,1,1,0,0,1,1,1,0,1,1,1,1,=,1,1,0,0,0,0,0,0,1,1,1,1,1,1,0,0,1,0,1,1,1,0,0,0,0,1,1,1,0,0,0,0,1,1,1,1,1,1,0,0,0,0,0,0,0,0,1,1,1,1,0,0,1,1,1,1,1,1,0,0,0,0,0,1,0,0,0,0,0,0,0,0,2,2,2,2,0
1,164,1,1.470,0.064,0.015,4,2,3,3,0,0,0,91,221,312,2,4,=,1,0,0,1,1,0,0,0,0,0,0,0,1,1,1,1,1,1,0,0,0,0,0,0,0,0,0,0,0,0,0,1,1,1,1,1,0,0,=,0,1,1,0,0,1,1,1,1,1,1,1,1,0,0,1,1,1,1,1,0,=,0,0,0,1,1,1,1,1,1,1,1,1,0,0,0,0,0,1,=,0,0,1,1,0,0,1,1,0,0,0,0,1,1,0,0,0,0,0
1,165,1,1.977,0.064,0.048,3,1,3,0,0,0,0,128,207,335,3,2,2,2,2,2,2,1,1,1,1,2,2,2,2,1,1,1,2,2,2,2,1,1,2,2,0,1,1,1,2,2,1,0,1,1,2,1,2,2,2,1,1,1,2,1,1,0,0,0,1,1,0,0,0,1,1,2,2,2,1,1,0,1,0,0,1,2,1,1,1,1,1,1,1,1,0,1,1,1,1,2,2,2,2,1,=,0,1,2,2,2,2,2,2,2,2,2,2,2,2,2
1,166,1,1.358,0.039,0.026,1,0,1,0,0,0,0,79,142,221,0,0,1,2,2,2,2,2,=,1,1,1,1,0,0,2,2,1,1,2,2,2,2,2,2,2,1,2,2,2,1,1,0,1,0,0,0,0,1,1,2,1,1,1,1,0,1,1,1,1,1,1,1,0,1,1,1,0,0,0,0,0,0,1,0,0,0,0,0,0,0,0,1,2,2,1,1,1,1,1,2,1,1,2,2,1,1,1,2,2,1,1,0,2,2,2,2,2,2,2,2,2
1,167,1,1.753,0.045,0.030,3,2,1,4,3,10,0.9,90,71,161,0,1,0,0,0,0,0,1,1,2,2,2,2,2,0,0,0,0,0,1,1,1,2,1,1,0,1,2,2,2,2,2,1,1,1,2,2,2,1,1,1,1,2,2,2,2,0,0,1,1,2,1,1,0,0,0,1,0,1,1,1,1,2,1,1,1,2,1,1,=,2,2,1,2,2,1,1,1,1,2,2,0,0,0,1,0,1,2,2,2,1,1,0,1,2,2,2,0,0,0,0,0
1,168,1,0.977,0.043,0.013,3,2,3,1,0,0,0,58,52,110,3,2,0,0,0,0,1,1,0,0,0,0,0,0,0,2,2,2,2,1,0,1,1,1,2,2,0,1,1,1,0,0,1,2,2,2,2,1,0,0,0,1,1,2,2,1,2,2,1,1,1,2,2,2,2,2,2,0,1,1,1,1,1,0,1,1,1,1,1,1,1,2,0,0,0,0,0,0,1,1,2,0,0,0,0,1,2,2,2,2,1,1,0,1,1,1,1,0,0,0,0,0
1,169,1,2.061,0.070,0.015,4,2,4,2,0,0,0,98,140,238,2,4,1,1,1,1,1,1,1,1,1,1,1,1,2,1,1,1,1,1,1,1,0,0,0,1,2,2,2,2,2,2,2,0,0,0,0,0,0,1,1,1,1,1,1,1,1,1,1,1,1,1,1,1,1,0,0,0,0,0,0,0,0,2,0,0,0,0,0,0,1,1,1,0,0,0,0,0,0,0,0,1,1,1,1,1,1,1,2,0,0,0,1,1,1,1,0,2,2,2,2,2
1,170,1,1.595,0.055,0.021,2,0,1,0,0,0,0,120,112,232,0,0,2,1,1,1,1,1,1,1,1,1,1,0,1,1,1,1,1,1,0,0,0,1,2,2,1,1,0,0,0,0,1,0,0,1,1,2,0,0,0,2,2,2,1,1,1,1,1,1,1,2,2,1,1,1,1,0,0,0,0,0,2,1,1,1,2,2,2,2,2,1,1,2,2,2,1,1,1,0,0,1,0,0,0,1,1,1,0,1,1,1,1,2,2,2,2,2,2,2,2,0
1,171,1,1.551,0.054,0.011,4,2,2,3,4,30,1.68,128,181,309,2,1,1,1,1,1,1,1,0,2,1,1,1,1,0,1,1,1,1,1,0,0,1,0,1,1,1,1,1,0,1,1,1,2,1,0,0,1,0,0,0,1,1,1,0,1,2,2,2,2,1,2,2,2,2,2,2,1,1,1,1,1,0,2,2,2,1,1,1,1,2,1,1,0,0,0,0,0,0,0,0,2,1,1,1,1,1,2,1,1,2,2,1,1,1,1,2,0,0,0,0,0
1,172,1,1.394,0.039,0.014,4,2,4,1,0,0,0,112,47,159,2,1,1,1,1,1,1,1,2,2,2,2,2,2,2,1,1,1,2,=,2,2,1,1,1,2,1,1,1,1,1,1,2,1,2,2,2,1,0,0,1,1,=,1,1,1,1,0,=,1,2,2,2,2,2,1,1,1,0,0,0,0,1,1,1,0,1,=,1,1,1,0,2,1,1,=,1,2,2,2,1,1,1,1,1,1,1,2,2,1,2,2,2,1,1,2,=,=,0,0,0,0
1,173,1,2.004,0.051,0.022,1,1,2,0,0,0,0,134,135,269,1,0,1,2,2,2,2,1,1,2,2,1,1,1,0,1,1,1,0,0,1,2,2,1,1,1,1,1,1,1,1,2,2,0,0,2,2,2,1,1,1,1,2,1,0,0,0,1,1,1,0,1,1,1,1,1,1,2,2,2,2,2,1,1,1,1,1,1,1,1,0,0,1,1,1,1,1,1,0,0,0,=,1,1,1,1,0,0,1,2,2,1,0,0,1,1,1,2,2,2,2,2
1,174,1,1.644,0.051,0.046,1,0,1,0,0,0,0,105,45,150,0,0,2,2,2,1,1,2,1,1,1,1,1,1,1,2,2,2,2,1,1,1,1,1,1,1,1,0,0,1,2,2,2,=,2,1,1,1,1,1,1,2,1,1,1,0,2,2,1,1,0,0,0,0,0,0,0,0,1,1,1,1,1,1,0,0,0,1,0,0,0,1,1,1,1,1,1,2,2,2,2,1,1,1,2,1,2,1,1,0,0,0,2,2,2,1,1,2,2,2,2,0
1,175,1,1.448,0.046,0.016,2,2,3,3,0,0,0,131,96,227,3,2,1,1,1,1,1,1,1,1,0,0,0,1,1,1,1,2,2,1,2,2,2,1,0,0,2,2,2,2,2,2,1,0,0,0,0,1,1,1,0,0,2,2,1,2,1,0,0,0,1,1,1,1,1,1,1,1,1,1,1,1,1,2,2,2,2,1,1,1,1,1,1,1,0,0,0,1,1,1,1,1,1,1,1,1,1,2,2,2,2,1,0,1,1,1,1,0,0,0,0,0
1,176,1,1.566,0.052,0.019,4,2,4,3,0,0,0,120,113,233,4,1,0,0,0,0,1,1,2,1,1,1,1,2,1,1,1,1,1,1,1,1,1,1,1,1,2,2,2,1,1,1,1,0,0,0,0,0,1,0,0,2,1,2,1,1,0,1,1,1,2,2,2,2,2,1,1,1,1,1,1,1,1,1,1,2,2,2,2,2,1,1,0,0,0,0,2,2,2,2,1,2,2,2,1,2,2,0,0,2,2,2,2,1,1,1,1,0,2,2,2,2
1,177,1,2.253,0.066,0.017,4,1,2,0,0,0,0,158,116,273,2,2,2,2,2,2,2,=,1,1,1,2,1,1,1,1,1,1,1,0,1,1,1,1,2,2,2,2,2,2,2,2,2,1,1,0,1,1,0,1,2,1,0,1,1,1,1,1,1,1,1,1,1,1,1,1,1,2,2,2,1,1,0,1,2,2,2,1,1,1,1,1,1,2,1,0,0,1,1,1,1,0,0,1,1,0,0,1,1,1,1,1,1,1,1,2,2,2,2,2,2,0
1,178,1,2.013,0.057,0.006,2,0,1,0,0,0,0,134,72,206,0,0,1,1,1,1,0,0,1,2,2,2,2,=,1,1,1,1,1,2,1,1,1,1,1,1,1,2,2,2,1,1,1,2,2,2,2,2,1,1,1,2,1,1,2,2,0,0,1,1,1,0,0,0,0,1,1,2,1,1,0,0,0,0,0,0,0,0,1,1,1,1,1,1,1,2,2,1,1,1,0,1,2,2,2,0,0,1,2,2,2,2,1,1,1,0,0,2,2,2,0,0
1,179,1,2.271,0.078,0.039,1,0,1,0,0,0,0,111,151,262,0,0,0,0,0,0,0,0,1,0,0,1,1,1,1,1,0,0,2,2,0,0,0,1,1,0,0,1,1,1,1,1,1,1,2,2,2,2,1,1,0,1,1,0,1,1,2,2,2,2,2,0,0,1,1,1,1,1,1,1,1,0,0,1,2,2,2,1,2,2,2,2,2,1,0,0,2,1,1,1,1,0,0,0,0,1,0,0,0,0,0,1,1,2,2,2,2,2,2,2,2,2
1,180,1,1.942,0.063,0.009,3,2,2,2,1,1,0.16,112,194,306,2,3,0,0,0,1,1,1,0,0,0,1,1,1,1,0,0,0,0,1,1,1,1,1,0,0,2,2,2,2,1,1,0,0,1,1,1,1,1,2,2,1,2,2,2,2,1,1,2,2,1,1,1,1,1,1,1,1,0,0,0,1,2,2,2,1,1,1,1,1,1,1,0,0,2,2,0,1,2,2,2,0,0,0,0,0,0,1,2,2,2,2,2,2,2,1,1,0,0,0,0,2
1,181,1,1.226,0.054,0.008,2,0,1,0,0,0,0,104,107,211,0,0,=,0,0,0,0,0,1,0,1,1,1,1,1,2,2,2,1,0,0,0,0,0,0,0,0,1,1,1,1,1,1,1,1,2,=,=,=,1,2,2,2,2,1,0,0,1,1,1,=,1,1,1,1,1,1,1,1,1,1,1,1,1,1,1,2,1,1,2,2,=,1,1,1,1,1,1,1,1,1,1,=,0,0,1,0,1,1,0,1,2,2,=,1,1,=,0,2,2,2,=
1,182,1,1.061,0.035,0.022,4,2,4,4,0,0,0,91,100,191,4,4,1,1,2,2,2,1,1,1,1,0,0,0,0,1,1,1,1,1,1,1,1,1,1,1,0,0,0,0,0,0,=,1,1,1,1,0,0,1,1,0,0,0,0,1,1,0,0,1,1,1,1,0,1,1,1,0,0,0,1,1,1,2,1,1,1,1,1,1,1,2,0,1,1,0,1,=,2,1,1,1,1,2,2,0,1,1,1,0,0,0,1,1,0,0,0,0,0,0,0,0
1,183,1,0.951,0.037,0.010,2,2,2,2,0,0,0,108,43,151,2,1,1,1,1,1,1,1,1,0,1,1,1,0,1,1,1,1,0,0,1,1,=,2,2,2,1,2,1,1,1,1,1,1,0,0,0,1,0,0,1,0,0,0,1,1,1,=,2,1,1,1,1,1,1,1,1,1,1,1,1,2,1,1,1,1,1,0,0,0,1,2,0,0,0,0,0,=,1,1,1,1,1,0,0,2,1,1,1,0,=,1,1,1,1,0,1,0,0,0,0,0
1,184,1,1.476,0.062,0.036,4,2,4,4,0,0,0,148,99,247,4,3,=,1,1,=,2,1,1,1,2,2,1,=,0,1,1,0,1,1,0,1,0,2,1,1,0,0,0,0,0,=,2,2,1,0,0,1,1,1,1,0,=,0,1,1,2,2,2,1,1,2,2,2,1,1,1,1,2,2,2,2,1,0,0,0,1,=,1,1,1,1,=,1,1,0,1,2,2,=,1,1,1,1,1,2,2,1,0,2,2,2,1,1,1,0,0,=,2,2,2,0
1,185,1,1.928,0.060,0.051,3,2,3,3,0,0,0,121,71,192,3,1,=,1,1,0,1,2,1,1,1,1,1,1,0,1,1,1,1,1,0,0,0,0,1,2,2,2,2,2,1,1,1,0,0,1,1,2,2,2,2,2,=,2,1,2,2,1,1,1,0,1,1,1,1,1,1,0,1,1,1,1,2,1,1,2,2,=,1,1,1,1,0,0,0,1,2,1,0,0,0,0,1,1,=,1,1,1,1,2,2,2,1,=,2,1,1,0,0,0,0,=
1,186,1,1.386,0.041,0.036,0,0,1,0,0,0,0,89,91,180,0,0,2,2,2,1,1,1,2,2,2,2,2,2,1,1,1,1,0,0,2,2,1,1,2,2,1,1,0,0,0,0,1,2,2,2,2,1,1,1,1,1,=,1,1,1,0,0,1,1,2,1,1,1,0,1,1,1,1,1,1,1,2,0,0,0,0,=,2,2,0,0,1,1,1,1,1,1,1,1,1,2,0,0,0,1,=,0,0,2,2,2,1,0,0,0,0,2,2,2,2,0
1,187,1,2.113,0.055,0.002,4,2,3,4,0,0,0,125,185,310,4,0,1,1,1,1,0,0,0,0,0,1,1,1,1,1,1,2,2,2,1,1,1,1,1,=,2,2,2,2,2,2,2,1,0,0,0,0,1,0,1,2,1,1,1,2,0,1,1,1,0,0,0,0,0,0,0,1,1,0,1,1,1,0,0,0,0,1,1,1,1,1,1,1,1,1,1,1,1,=,2,1,=,0,0,0,0,0,0,1,1,1,1,0,0,1,1,2,2,2,2,2
1,188,0,1.917,0.090,0.018,3,2,3,2,0,0,0,110,85,195,3,3,0,1,1,2,2,2,0,0,0,0,0,0,1,1,1,1,1,1,1,1,1,0,=,1,2,2,2,0,1,1,0,0,1,1,1,1,0,0,1,2,1,1,1,0,2,1,1,1,2,0,0,0,0,0,0,1,0,0,0,0,0,1,1,1,0,2,1,1,1,0,1,2,2,2,2,1,1,1,0,1,0,0,0,0,1,2,2,0,0,0,1,0,0,0,0,2,2,2,2,0
1,189,0,1.508,0.052,0.044,2,2,4,2,0,0,0,145,19,164,4,2,2,1,1,0,0,0,1,2,2,2,1,1,0,1,1,1,1,1,1,1,1,1,0,0,1,1,1,1,1,1,1,0,0,0,1,1,1,1,1,1,2,1,1,1,2,2,=,0,1,2,2,2,1,1,1,1,2,2,2,2,1,1,1,0,0,1,1,1,1,0,0,0,1,1,1,1,1,1,1,2,2,1,1,1,1,2,2,1,1,1,1,1,1,1,1,0,0,0,0,2
1,190,0,2.330,0.087,0.024,2,1,2,0,0,0,0,152,103,255,0,1,0,0,1,1,1,2,2,2,2,2,2,2,1,1,1,1,1,1,0,0,0,0,0,1,1,1,1,1,1,1,1,2,2,2,2,2,0,0,0,2,2,2,1,0,2,2,2,2,2,1,0,0,0,0,1,1,0,1,1,0,0,1,1,0,0,1,1,1,2,2,0,1,1,1,1,1,1,1,1,2,2,2,1,0,0,0,0,1,2,1,1,1,1,0,0,2,2,2,2,0
1,191,0,1.649,0.057,0.040,2,2,2,0,4,4,0.86,138,43,181,0,0,0,1,2,2,2,2,1,2,2,1,1,2,2,1,1,1,1,1,0,0,0,0,1,1,0,0,0,0,0,0,0,0,0,0,1,1,1,1,1,1,2,1,1,1,2,2,1,1,1,0,0,0,1,1,1,1,1,1,1,1,=,1,1,1,1,1,1,1,1,1,2,2,2,2,2,2,2,2,1,0,1,1,=,1,1,1,1,1,0,1,1,1,1,1,1,2,2,0,0,2
1,192,0,1.460,0.048,0.012,4,2,2,1,0,0,0,175,44,219,2,1,1,1,1,1,1,1,1,1,1,2,=,1,1,1,1,2,2,0,2,2,2,1,1,1,1,=,1,1,1,1,2,0,0,1,1,1,1,1,1,0,2,1,0,0,0,0,0,0,0,0,0,0,0,0,0,1,1,1,1,0,=,0,0,0,0,2,1,1,1,1,2,1,1,1,0,0,0,1,1,0,0,0,0,1,1,1,2,1,1,2,2,0,0,0,0,0,0,0,0,0
1,193,0,1.328,0.051,0.021,0,0,1,0,0,0,0,140,56,196,0,0,1,0,0,0,1,1,0,0,0,1,1,1,2,1,1,1,1,1,2,2,2,1,1,1,1,1,1,1,1,0,0,2,2,2,2,=,0,0,0,0,1,1,=,1,2,2,2,2,=,1,1,1,1,2,2,=,1,1,1,1,1,1,2,2,2,2,1,1,1,1,2,2,0,1,0,0,0,0,0,1,0,0,0,0,0,1,1,1,2,2,1,2,2,1,0,0,0,0,0,2
1,194,0,1.782,0.064,0.031,0,0,1,0,0,0,0,107,19,126,0,0,=,2,0,0,0,1,1,2,2,1,1,2,2,0,0,0,0,0,2,2,2,2,2,1,2,1,1,1,1,1,1,1,1,1,1,2,1,1,0,0,0,1,1,1,2,2,1,1,1,=,1,=,2,2,1,1,2,2,=,1,1,2,2,2,1,=,=,1,1,1,2,2,2,1,2,2,2,2,2,1,=,0,0,1,0,0,0,0,=,1,2,2,2,2,2,0,0,=,2,2
1,195,0,1.952,0.068,0.016,4,2,3,1,0,0,0,=,=,186,3,2,1,1,1,1,1,0,1,1,1,1,1,1,1,1,1,1,1,1,1,1,1,1,1,1,2,2,1,1,1,1,1,0,0,0,0,0,1,1,1,2,1,1,0,1,0,1,1,1,1,2,1,1,1,1,1,1,1,1,1,1,2,0,0,0,0,1,0,0,0,0,2,1,1,1,2,2,2,2,2,0,0,0,0,1,1,2,2,1,0,1,1,2,2,2,2,2,2,2,2,0
1,196,0,1.052,0.043,0.027,1,0,1,0,0,0,0,187,5,192,0,0,1,1,1,1,1,1,1,1,1,1,1,1,1,1,1,1,1,1,1,1,1,1,1,1,1,1,1,1,1,1,1,1,1,1,1,1,1,1,1,1,1,1,1,1,1,1,1,1,1,1,1,1,1,1,1,1,1,1,1,1,1,1,1,1,1,1,1,1,1,1,1,1,1,1,1,1,1,1,1,1,1,1,1,1,1,1,1,1,1,1,1,1,1,1,1,0,0,0,0,0
1,197,0,1.512,0.051,0.015,4,2,3,1,0,0,0,95,111,205,3,2,1,1,1,1,1,1,1,1,2,2,2,2,2,1,1,1,1,2,1,=,=,2,2,2,2,2,1,1,1,1,1,0,0,0,0,1,0,0,1,1,1,2,2,1,2,2,1,1,1,2,2,2,2,2,2,2,1,1,0,0,0,1,1,2,2,1,1,1,1,0,2,0,0,0,1,0,0,0,0,0,0,0,1,2,2,=,1,1,1,1,0,1,1,0,1,0,0,0,0,0
1,198,0,1.019,0.046,=,=,=,=,=,=,0,0,86,233,319,=,=,2,1,1,1,2,1,1,0,0,0,0,0,0,1,1,1,1,1,0,0,0,0,1,2,2,2,2,2,1,1,0,1,1,1,1,1,2,2,1,0,2,1,0,0,0,0,1,1,2,1,1,1,0,0,0,0,0,0,0,2,1,1,2,2,1,0,0,0,0,0,0,0,1,1,0,1,1,1,1,1,1,1,1,1,1,1,2,1,1,1,2,2,1,1,1,0,0,0,0,0
1,199,0,1.060,0.042,0.046,1,2,3,2,0,0,0,50,134,184,1,1,1,0,0,1,2,2,2,1,1,0,0,0,0,0,0,0,=,0,1,1,1,1,1,=,2,0,0,0,0,0,1,1,1,1,1,2,1,1,1,1,1,2,2,2,2,2,2,0,0,1,1,1,1,2,2,2,1,1,1,1,1,1,0,0,0,1,0,0,0,0,0,0,0,0,1,1,2,2,1,0,0,0,1,2,1,1,2,1,1,0,0,0,0,0,0,0,0,0,0,0
1,200,0,1.233,0.047,0.023,1,0,1,0,0,0,0,48,184,232,0,0,1,0,0,0,0,0,1,2,2,2,2,2,2,1,1,1,2,1,1,1,1,1,1,1,2,=,2,2,0,0,0,0,1,1,1,1,1,0,0,1,0,0,1,2,2,2,1,1,0,2,2,2,1,1,1,1,1,1,1,1,0,0,0,1,1,1,1,1,0,0,1,1,2,2,0,0,0,0,1,2,2,2,2,1,1,1,1,1,1,0,0,1,1,0,0,0,0,0,0,0
1,201,0,1.642,0.050,0.059,3,2,4,3,2,1,0.36,85,179,264,1,1,1,1,1,1,1,1,2,2,2,1,1,1,2,1,1,2,1,1,1,1,1,2,2,2,1,1,1,1,1,1,1,2,2,1,1,1,1,1,0,1,0,0,0,0,1,1,1,1,1,0,0,1,1,2,2,1,2,1,1,1,1,1,1,1,1,1,1,1,2,2,1,1,0,0,0,1,2,2,2,1,1,1,1,2,0,0,0,1,1,2,2,0,0,0,0,2,2,2,2,2
1,202,0,3.201,0.108,0.034,2,2,2,0,4,9,1.06,70,426,496,1,1,0,0,0,1,1,1,2,2,2,2,2,2,1,1,1,1,1,1,1,1,0,0,0,0,1,2,2,2,2,2,0,1,1,1,1,2,2,2,2,1,0,0,1,1,1,1,1,1,1,1,1,0,0,0,0,1,0,0,0,0,1,1,1,0,0,1,1,1,0,0,0,0,0,1,1,1,1,1,2,1,1,1,1,1,0,0,1,1,2,2,1,2,2,2,2,2,2,2,2,0
1,203,0,1.798,0.062,0.016,4,2,4,2,0,0,0,30,224,254,3,3,0,0,1,0,0,0,1,0,0,0,0,0,0,1,1,2,2,2,2,2,2,2,1,1,0,2,1,1,1,1,1,0,1,1,1,0,0,0,0,2,2,1,0,0,1,1,1,1,1,0,0,2,2,2,1,2,1,1,1,1,=,0,0,0,0,2,2,2,2,2,0,0,1,1,1,0,0,0,1,1,1,1,=,1,1,1,1,2,1,1,2,1,1,1,1,2,2,2,2,2
1,204,0,1.266,0.043,0.018,1,2,4,2,0,0,0,48,280,328,4,3,1,1,1,1,2,1,0,1,1,2,2,2,1,2,2,1,1,0,1,2,2,1,1,1,1,1,1,1,1,1,0,0,0,2,2,2,0,0,0,1,1,0,0,1,1,0,=,1,0,1,2,2,2,2,1,0,0,0,0,0,=,1,2,1,1,2,1,1,2,1,1,1,1,1,1,0,0,0,0,0,0,1,2,1,2,2,2,1,1,1,1,0,0,1,1,2,2,2,2,0
1,205,0,1.378,0.050,0.033,1,0,1,0,0,0,0,78,138,216,0,0,2,2,1,1,1,0,1,1,1,0,0,0,1,1,1,2,2,2,1,1,1,0,0,2,1,1,1,1,1,1,1,2,2,1,1,1,1,1,1,1,1,1,2,2,1,1,1,1,1,1,0,1,1,1,1,0,1,1,1,1,1,1,1,2,1,1,1,1,1,1,1,1,1,1,1,1,1,1,1,2,2,1,1,1,2,1,1,0,0,1,1,2,2,2,1,0,0,0,0,0
1,206,0,2.148,0.080,0.002,2,0,1,0,0,0,0,123,187,309,0,0,1,1,1,2,2,2,2,1,1,1,1,1,0,1,1,1,0,0,0,0,0,0,1,1,1,1,1,1,1,1,1,1,2,2,2,2,1,1,2,1,2,2,1,1,1,1,1,1,2,1,1,1,1,1,1,2,1,1,1,0,1,2,2,2,1,=,1,1,1,=,1,0,0,1,=,1,0,0,0,1,1,0,0,1,1,0,0,2,1,0,0,1,2,2,2,2,2,2,2,2
1,207,0,1.717,0.071,0.005,4,0,1,0,0,0,0,117,137,254,0,0,=,0,0,0,1,1,0,=,1,1,=,2,0,2,2,2,1,=,0,0,0,0,1,1,1,1,1,1,2,2,2,0,0,0,0,1,0,0,0,2,1,1,1,1,1,2,2,2,2,1,1,1,1,1,1,2,2,2,2,1,0,2,2,2,2,=,1,1,1,=,1,0,0,1,=,1,1,1,2,1,1,0,=,0,0,0,0,2,2,2,0,1,1,1,1,=,2,2,2,=
1,208,0,1.258,0.057,0.012,1,0,1,0,0,0,0,126,108,234,0,0,0,0,1,1,1,0,0,0,1,2,2,2,2,=,0,1,1,1,0,0,0,0,0,0,1,1,1,=,0,0,0,1,0,0,0,1,1,1,1,0,1,1,2,1,1,1,1,1,1,0,0,0,0,0,1,0,0,=,1,1,1,0,0,0,0,0,0,0,1,1,1,1,2,2,=,1,1,1,0,0,0,0,0,0,0,0,0,1,1,1,1,1,1,1,1,0,0,0,0,2
1,209,0,2.323,0.066,0.006,2,0,1,0,0,0,0,109,112,220,0,0,0,1,1,1,0,0,1,1,1,2,2,2,1,=,1,1,1,1,1,1,1,2,1,1,2,2,2,2,2,1,1,0,0,1,1,1,0,0,1,2,1,1,0,0,1,1,1,1,2,2,2,2,2,1,1,2,2,2,2,2,1,1,1,1,1,1,2,2,1,1,1,1,2,2,=,1,0,0,1,1,1,1,1,2,2,2,2,1,1,1,1,1,1,1,1,2,2,2,2,2
1,210,0,0.963,0.044,0.024,2,0,1,0,0,0,0,93,140,233,0,0,2,1,1,1,1,0,0,1,1,1,1,2,2,2,2,2,1,1,0,0,0,0,0,1,2,0,0,0,0,1,1,1,2,1,1,1,2,2,2,1,1,2,2,1,0,0,0,0,0,2,1,1,1,1,0,1,1,1,1,1,2,0,1,2,2,1,1,1,1,1,2,2,2,2,1,2,2,2,2,1,2,1,1,2,2,2,2,2,2,2,1,1,1,1,1,0,0,0,0,0
1,211,0,1.089,0.049,0.018,2,0,1,0,0,0,0,81,98,178,0,0,1,0,0,0,1,2,1,1,1,1,1,1,2,0,0,0,0,1,1,1,1,1,1,1,2,=,0,0,0,0,0,1,1,1,1,2,0,0,0,1,1,1,1,0,1,1,1,2,1,2,1,1,1,1,1,1,1,2,1,1,2,1,1,1,2,1,1,1,0,0,1,1,1,0,2,1,0,0,0,1,0,0,0,2,1,1,1,2,1,0,0,1,0,0,0,0,0,0,0,0
1,212,0,1.770,0.061,0.035,1,0,1,0,0,0,0,82,196,278,0,0,1,1,2,2,2,2,1,2,2,2,2,1,1,1,1,2,2,1,2,1,1,1,1,1,0,1,1,1,1,1,0,0,0,0,1,1,2,1,1,1,=,1,1,0,1,1,1,=,2,0,0,1,1,1,0,1,1,1,1,1,1,0,1,1,2,=,0,0,0,0,1,1,1,1,0,1,1,0,0,2,2,2,1,1,1,1,1,1,0,1,1,1,1,0,2,0,0,0,2,2
1,213,0,2.404,0.087,0.019,4,2,3,2,0,0,0,140,265,405,3,2,1,1,1,2,2,1,2,2,2,2,2,2,0,0,0,1,1,1,0,0,1,1,1,1,0,0,0,1,1,1,1,2,1,1,1,1,2,2,2,2,0,1,1,1,1,1,1,1,2,2,2,2,1,1,1,1,1,1,1,0,0,1,1,1,1,1,0,0,0,0,0,1,1,2,0,0,0,0,0,0,0,2,2,1,1,1,2,2,1,1,0,1,1,1,1,0,0,0,0,0
1,214,0,1.703,0.063,0.078,3,2,3,2,0,0,0,125,213,338,3,2,1,1,1,1,1,1,2,2,2,2,1,1,1,1,1,1,1,0,0,0,1,1,1,1,1,1,1,1,1,1,1,0,0,0,0,1,1,1,1,1,0,1,1,1,2,1,1,0,0,1,2,2,2,2,2,0,0,0,1,1,2,1,1,1,1,2,2,2,1,0,0,1,1,1,1,1,1,1,1,2,2,2,2,2,1,1,1,1,1,0,1,2,2,0,0,2,2,2,2,2
1,215,0,1.636,0.050,0.011,2,0,2,0,0,0,0,145,63,208,0,0,1,2,2,2,2,2,1,0,0,1,1,1,2,1,1,1,1,0,1,1,1,1,1,1,2,1,0,0,0,0,2,0,0,0,0,1,1,1,1,1,1,1,1,=,1,1,1,1,1,=,0,0,0,0,1,2,2,2,2,1,1,=,2,2,2,2,2,2,2,2,1,0,0,1,=,1,1,1,0,1,2,2,2,0,0,1,2,2,1,1,1,2,2,1,1,0,0,0,0,0
1,216,0,1.273,0.048,0.014,0,0,1,0,0,0,0,65,69,134,0,0,2,1,1,1,2,2,1,1,1,1,1,1,1,0,0,0,1,1,1,1,1,1,1,0,1,1,1,1,1,1,1,1,0,0,0,1,1,0,0,0,2,2,2,1,1,1,1,1,0,0,0,0,1,1,1,2,2,2,2,2,=,=,0,0,0,1,1,1,1,1,1,1,1,1,0,0,0,0,0,0,0,0,0,0,2,2,2,0,0,0,0,1,1,0,1,2,2,2,2,2
1,217,0,1.051,0.040,=,=,=,=,=,=,0,0,65,147,212,=,=,1,2,2,1,1,1,2,2,2,1,1,1,0,0,0,0,0,1,2,2,2,1,1,1,1,2,2,1,0,0,1,1,1,2,2,1,1,1,1,1,2,2,0,1,1,0,0,0,1,0,0,0,0,0,1,0,1,1,1,1,1,2,1,1,1,=,0,0,0,1,1,2,2,1,0,0,0,0,1,0,0,1,2,1,2,1,1,1,0,0,0,0,0,0,0,0,0,0,0,2
1,218,0,1.204,0.045,0.026,1,0,1,0,0,0,0,88,94,181,0,0,1,1,1,0,0,0,0,1,2,2,2,2,2,1,1,1,2,2,0,0,0,0,1,1,1,2,2,2,2,2,2,1,1,1,1,1,1,1,2,2,1,1,1,2,0,0,0,0,0,1,1,1,1,1,1,1,0,=,1,2,2,2,0,1,1,2,2,2,1,1,1,1,1,1,2,1,1,1,1,2,0,0,0,1,1,2,2,1,1,1,1,1,2,2,2,2,2,2,2,2
1,219,0,1.654,0.056,0.008,3,2,3,1,0,0,0,84,62,146,2,1,1,1,1,1,1,1,1,1,1,1,1,1,0,0,0,1,1,1,0,=,1,1,0,0,2,2,2,2,2,2,1,2,2,2,0,0,0,0,0,0,1,0,0,1,2,1,1,1,2,0,0,0,0,0,0,2,2,2,1,1,1,1,1,1,1,1,1,1,1,1,1,1,1,1,1,1,2,2,2,0,0,0,0,1,0,1,1,1,1,2,2,0,0,1,1,0,0,0,0,0
1,220,0,2.036,0.075,0.030,1,2,2,1,0,0,0,104,188,292,1,1,1,1,1,1,1,1,1,1,1,2,2,0,0,0,0,0,0,0,1,1,1,1,1,1,1,1,1,1,0,0,2,1,1,1,1,1,2,2,2,2,2,1,0,1,2,1,1,1,2,0,0,0,0,0,0,2,2,2,2,2,2,1,1,2,1,1,1,1,1,1,1,1,0,0,1,1,0,=,1,1,1,1,2,0,0,1,1,1,1,1,2,0,0,1,1,0,0,0,0,0
1,221,0,1.442,0.057,0.015,4,2,3,2,0,0,0,57,164,221,3,3,1,1,0,0,0,0,1,1,1,1,1,1,1,2,0,0,2,1,0,0,0,0,0,1,1,1,1,1,1,1,1,0,0,0,0,0,0,1,1,0,1,2,2,1,0,1,1,1,0,0,0,1,1,1,1,1,0,0,0,0,1,1,1,1,1,0,0,0,0,1,2,1,1,1,0,2,2,2,2,0,0,0,1,1,1,2,2,1,1,1,2,1,1,0,0,0,0,0,0,0
1,222,0,1.368,0.051,0.020,2,0,1,0,0,0,0,53,102,154,0,0,1,2,2,0,0,0,0,1,1,1,1,2,2,2,2,2,2,2,2,2,2,2,1,1,2,0,0,0,0,0,1,0,0,0,0,1,1,1,1,1,0,0,0,0,2,2,2,2,2,1,2,1,1,1,1,1,0,0,0,0,1,1,0,0,1,2,2,2,1,1,2,2,1,1,0,1,1,1,1,2,1,1,0,1,1,1,1,2,1,1,1,1,2,1,2,0,0,0,0,0
1,223,0,2.687,0.087,0.033,4,2,3,1,0,0,0,112,229,341,2,4,2,1,1,1,0,1,1,1,2,2,2,2,0,2,2,1,1,1,0,0,0,0,2,2,1,0,0,0,1,1,1,0,1,1,1,0,0,0,1,1,0,0,1,1,1,1,1,1,1,1,2,1,2,2,2,2,1,1,1,1,2,1,0,0,0,0,0,0,1,1,1,0,0,0,1,1,1,1,1,0,0,0,1,0,0,0,0,1,1,1,1,1,1,0,0,2,2,2,2,2
1,224,0,1.015,0.042,0.020,1,0,1,0,0,0,0,110,98,208,0,0,0,0,0,0,0,0,1,2,2,2,2,2,2,1,2,1,1,1,1,1,1,0,0,0,1,1,1,1,2,2,2,2,2,2,0,=,1,1,1,1,0,0,=,2,0,0,1,1,2,1,1,2,2,2,2,2,2,2,2,2,1,0,0,1,1,1,1,1,1,0,1,1,0,0,2,1,1,1,1,1,2,2,2,2,2,2,2,1,1,0,0,0,0,0,1,0,0,0,2,2
1,225,0,1.040,0.043,0.021,0,0,1,0,0,0,0,106,111,217,0,0,1,1,1,1,1,2,1,1,1,1,1,1,2,0,0,2,2,1,1,1,1,0,1,1,0,1,1,1,2,2,1,1,1,2,2,1,2,2,2,2,2,2,2,2,1,1,1,1,2,1,1,1,2,2,2,0,1,1,1,1,1,1,1,2,2,=,0,0,0,0,0,0,0,1,1,1,1,1,1,1,1,1,1,2,2,2,2,0,0,0,2,0,1,1,2,0,0,0,0,0
1,226,0,1.428,0.051,0.031,1,0,1,0,0,0,0,84,139,223,0,0,1,0,1,1,1,1,0,0,=,1,1,1,1,1,1,1,1,1,0,0,0,1,1,1,1,1,1,1,1,1,1,0,0,0,0,0,1,1,2,2,1,1,1,0,0,1,2,2,2,=,1,1,1,1,1,1,1,1,1,1,1,1,2,2,2,1,1,1,2,1,1,1,0,0,2,2,2,2,2,1,1,1,1,0,0,0,0,0,0,0,0,2,2,2,1,0,0,0,0,0
1,227,0,1.036,0.044,0.018,2,0,1,0,0,0,0,100,130,230,0,0,2,1,1,1,2,2,1,1,0,0,0,0,0,=,0,1,0,1,0,1,=,0,1,1,1,1,1,1,2,2,2,2,2,1,1,1,2,2,0,0,2,1,1,=,0,2,0,0,1,1,1,1,1,1,2,1,1,1,1,1,0,1,1,0,0,1,1,1,1,1,1,1,1,1,2,2,1,1,1,1,1,2,2,0,=,2,2,2,2,1,1,2,2,2,2,0,0,0,2,2
1,228,0,1.212,0.046,0.024,0,0,1,0,0,0,0,81,172,252,0,0,2,2,2,1,1,0,2,2,2,1,1,1,1,2,2,2,2,1,0,1,1,2,2,1,0,=,1,1,1,2,1,1,1,1,2,2,1,1,1,1,1,0,0,1,1,0,0,0,0,0,0,1,0,1,1,2,1,1,1,1,=,2,2,1,1,=,0,0,0,0,0,0,0,1,1,1,0,0,0,0,1,1,2,2,1,1,1,2,2,1,1,1,1,1,2,0,2,2,2,2
1,229,0,2.114,0.076,0.005,4,2,2,2,0,0,0,78,160,238,2,3,2,2,2,2,0,0,2,1,1,1,1,1,2,0,0,0,0,0,0,1,=,0,2,2,2,2,2,2,1,1,1,1,1,2,2,1,1,1,2,1,1,1,1,1,2,2,1,1,1,2,2,2,2,1,1,0,0,0,1,1,2,1,1,0,0,1,2,2,2,=,1,2,2,1,=,1,1,1,0,0,0,1,1,0,0,=,2,0,0,0,0,1,1,1,1,0,0,0,0,0
1,230,0,1.298,0.046,0.034,2,0,1,0,0,0,0,79,172,251,0,0,2,2,2,2,2,1,1,1,1,2,1,1,1,0,=,=,1,1,1,1,1,2,2,2,2,1,1,1,1,1,1,2,2,2,2,2,2,2,2,1,1,1,2,1,1,1,1,1,1,1,2,2,1,1,1,0,0,0,0,0,0,1,1,1,2,1,0,0,0,=,2,2,1,0,=,0,0,0,2,0,1,1,1,1,0,0,0,0,0,1,2,=,1,1,2,2,0,0,0,0
1,231,0,1.257,0.049,0.007,1,0,0,0,0,0,0,138,93,231,0,0,1,1,1,1,1,1,0,0,0,0,0,0,0,1,1,1,2,=,2,1,1,0,0,0,1,2,2,2,1,1,0,2,1,0,0,1,=,0,0,1,0,0,0,0,0,1,1,1,1,=,1,2,2,2,2,1,1,1,1,1,1,=,1,0,0,0,0,0,0,0,2,1,1,0,1,2,2,2,2,1,2,2,2,1,1,0,0,1,1,1,0,2,2,1,1,0,0,0,0,2
1,232,0,1.644,0.048,0.011,1,0,1,0,0,0,0,84,119,203,0,0,1,0,0,0,0,1,1,1,1,1,1,1,1,0,0,0,1,1,0,1,1,1,2,2,2,2,2,2,2,2,2,1,1,1,1,1,1,1,2,1,1,0,0,1,1,1,0,0,0,2,1,1,1,1,1,1,1,1,1,1,1,2,2,2,2,1,1,1,2,2,1,1,1,1,1,1,1,1,1,2,2,2,2,2,2,1,1,0,0,0,1,1,1,0,0,0,0,0,0,0
1,233,0,2.370,0.083,0.011,4,2,3,2,0,0,0,92,146,238,3,1,0,1,1,2,2,1,1,1,1,1,1,1,1,=,=,0,1,1,1,1,1,0,0,1,1,2,2,2,2,2,2,1,1,0,0,0,0,0,0,2,0,0,2,2,1,1,1,1,1,1,1,1,1,1,1,1,0,1,1,0,0,1,2,2,2,1,1,1,1,1,2,0,0,0,1,1,1,1,1,0,0,1,2,1,0,0,0,1,0,0,0,2,2,2,2,2,2,2,2,2
1,234,0,1.654,0.068,0.010,4,2,3,3,0,0,0,111,171,282,3,4,2,2,2,2,1,1,2,2,2,2,2,2,2,1,1,1,1,1,1,1,1,1,1,1,2,2,2,2,1,2,1,0,0,1,1,1,0,0,0,0,1,1,0,0,1,1,1,1,2,=,0,1,1,1,1,1,0,0,0,0,0,0,0,0,0,2,2,2,1,1,1,0,0,1,0,0,0,0,0,1,1,0,0,1,1,2,2,1,1,1,1,2,2,2,2,=,0,0,0,0
1,235,0,1.449,0.050,0.028,2,0,1,0,0,0,0,116,94,209,0,0,1,=,2,2,1,1,2,1,1,1,1,0,0,1,1,1,1,1,1,1,1,1,0,0,0,1,1,1,1,2,0,0,0,1,1,1,2,2,1,0,1,1,2,2,0,0,0,0,1,1,1,1,1,1,0,1,2,1,2,2,2,1,1,1,1,0,1,1,1,1,1,2,2,2,0,0,0,=,1,1,1,2,1,1,0,0,0,1,0,0,1,2,2,2,1,0,0,0,0,0
1,236,0,1.542,0.049,0.013,1,0,1,0,0,0,0,121,67,188,0,0,2,0,0,1,1,2,1,1,1,1,1,2,2,2,2,2,2,2,2,=,1,1,0,0,0,0,0,1,1,2,2,1,1,1,0,1,2,2,1,1,=,1,1,1,2,2,2,1,1,1,1,1,0,0,1,1,0,1,1,1,0,1,1,2,2,2,2,2,2,2,0,0,0,1,2,1,1,1,1,1,1,1,1,1,1,1,1,0,1,1,0,0,0,0,1,0,0,0,0,0
1,237,0,2.709,0.100,0.009,1,1,0,0,0,0,0,90,265,355,0,1,0,=,1,1,0,0,2,2,2,1,1,1,0,1,1,1,1,0,1,1,1,1,2,2,1,1,1,1,1,2,2,0,0,0,1,1,1,1,1,1,=,1,1,1,2,2,2,2,2,1,1,1,1,1,1,1,1,0,1,1,1,2,0,0,0,1,1,1,1,1,2,2,2,2,1,1,1,1,0,1,1,1,0,2,2,1,0,1,1,1,2,2,2,2,2,0,2,2,2,2
1,238,0,1.540,0.055,0.022,3,2,1,4,0,0,0,109,252,360,0,0,2,=,1,1,1,1,2,1,1,1,1,0,0,1,=,0,0,1,2,2,2,1,0,0,1,1,1,0,0,0,0,1,1,1,1,2,0,0,0,1,0,0,0,2,1,1,1,1,1,2,2,2,1,1,1,1,2,2,2,2,2,0,1,1,=,2,2,2,1,1,0,1,2,1,2,1,=,0,0,0,0,0,0,1,1,1,1,1,1,1,1,1,1,1,1,0,0,0,0,0
1,239,0,1.618,0.063,0.017,4,2,4,1,0,0,0,125,220,345,4,0,2,1,1,1,1,1,0,0,0,2,2,2,2,1,=,2,1,1,1,1,1,1,1,1,0,1,1,1,2,2,2,0,0,0,0,1,2,2,1,1,1,1,1,2,2,1,1,0,0,2,1,1,1,1,1,1,1,1,1,1,1,1,2,2,2,1,1,1,1,1,0,0,0,2,2,1,1,1,0,1,1,0,0,0,0,1,1,1,1,1,1,2,2,2,2,2,0,0,0,0
1,240,0,2.167,0.084,0.010,0,0,1,0,0,0,0,106,149,255,0,0,1,1,1,1,2,2,1,1,1,1,1,1,1,0,0,0,0,0,1,=,0,0,0,1,1,=,1,0,1,1,2,1,1,2,2,2,2,1,1,1,2,2,2,0,1,1,1,1,1,0,0,0,0,0,1,1,1,1,1,1,=,2,2,2,2,1,1,1,1,2,0,0,1,1,2,1,0,0,0,1,1,1,1,1,2,1,1,1,0,0,0,1,0,0,1,0,0,0,2,2
1,241,0,1.479,0.066,0.082,3,2,4,4,0,0,0,89,210,299,4,2,0,1,1,0,0,0,1,1,1,1,1,0,0,1,1,1,1,2,0,0,0,0,1,1,2,1,1,0,1,1,1,1,1,1,1,1,2,2,2,2,2,1,1,2,1,1,2,2,1,2,2,2,2,2,1,2,2,2,2,1,1,2,2,2,2,1,1,1,0,0,1,1,1,2,0,0,0,0,1,2,1,0,0,1,1,2,2,1,1,1,1,1,1,1,0,0,0,0,0,0
1,242,0,1.913,0.052,0.015,1,0,1,0,0,0,0,112,149,261,0,0,0,1,1,1,1,1,1,1,1,1,1,1,1,1,1,1,1,0,0,0,0,0,0,0,0,1,1,1,2,2,1,0,1,2,2,1,1,1,1,1,0,0,0,0,0,0,0,0,1,0,0,0,1,1,1,0,1,1,1,1,1,2,2,0,0,2,0,0,0,1,0,0,0,1,2,2,2,2,2,1,0,1,1,1,1,1,1,2,2,2,1,0,1,1,1,2,2,2,2,2
1,243,0,1.686,0.061,=,=,=,=,=,=,0,0,64,125,189,=,=,0,0,=,2,2,2,1,2,2,2,2,2,2,0,0,0,0,2,1,1,1,1,0,0,2,1,1,1,1,1,1,0,1,1,1,1,0,0,0,1,0,1,1,2,2,2,2,2,2,2,2,2,2,0,0,1,1,1,1,1,0,0,=,1,1,1,1,1,1,=,1,1,2,2,=,0,0,0,0,1,1,1,2,1,1,1,1,2,2,2,1,0,0,0,1,2,2,2,2,0
1,244,0,1.306,0.047,0.022,2,0,1,0,0,0,0,123,151,273,0,0,2,=,1,1,2,1,1,1,1,1,1,1,1,1,1,1,2,1,1,1,1,1,1,0,1,1,1,1,0,0,1,2,1,1,1,0,1,0,0,0,0,1,1,0,1,1,1,1,1,2,2,2,2,2,1,1,1,1,1,1,1,2,2,2,2,2,2,2,1,=,1,1,2,2,=,1,1,1,1,1,1,2,2,0,0,=,1,2,2,1,1,0,0,1,1,0,0,0,0,0
1,245,0,1.300,0.048,0.020,1,0,2,0,0,0,0,78,179,257,0,0,1,2,2,2,1,1,2,0,0,0,0,0,0,1,1,0,1,1,0,0,0,1,1,1,2,1,1,1,1,1,0,1,1,2,2,2,0,1,1,1,1,0,0,1,0,1,1,1,2,0,0,1,1,1,1,0,1,1,1,1,2,0,1,2,2,0,0,0,0,1,2,1,1,0,1,0,1,1,1,1,1,2,2,1,1,1,0,1,1,1,0,1,0,0,0,2,0,0,0,0
1,246,0,1.270,0.048,0.019,4,2,4,1,0,0,0,46,314,359,4,1,0,0,0,1,1,1,0,0,0,0,0,0,1,1,1,2,1,1,1,2,2,2,=,1,1,1,1,1,=,2,1,1,1,0,0,1,1,1,1,1,1,1,0,1,1,0,0,0,0,2,2,2,1,1,1,1,1,0,0,0,1,1,1,2,2,1,0,0,0,1,2,1,1,1,1,1,0,0,0,1,1,1,2,1,1,0,0,1,2,2,2,0,0,0,0,2,2,2,0,0
1,247,0,1.368,0.054,0.016,2,0,1,0,0,0,0,82,100,182,0,0,0,1,1,1,1,2,2,2,2,1,1,1,1,=,0,1,1,2,0,0,0,0,1,1,0,0,1,1,=,2,1,1,1,1,1,2,1,1,1,1,1,1,1,0,2,2,2,1,1,0,0,0,0,1,2,1,2,2,2,2,1,1,1,1,2,0,0,0,1,1,1,1,1,2,1,2,2,2,1,2,1,0,0,2,2,2,2,0,0,0,0,0,0,1,1,2,2,2,2,2
1,248,0,1.009,0.039,0.031,1,0,1,0,0,0,0,84,132,216,0,0,1,2,2,2,1,1,0,0,0,0,0,1,1,2,2,2,2,2,0,0,1,2,2,2,1,2,2,1,1,1,2,2,1,1,1,1,0,0,1,1,0,0,2,2,0,0,0,0,1,2,2,0,0,0,1,1,1,1,1,1,1,1,1,0,0,1,1,1,1,0,1,1,1,0,1,0,0,0,0,1,2,1,1,2,2,2,2,2,2,1,1,1,2,2,2,0,0,0,0,0
1,249,0,0.830,0.043,0.023,3,2,4,1,0,0,0,103,158,261,4,1,0,1,1,1,1,1,1,0,0,0,0,0,0,1,1,2,2,2,0,0,0,1,1,1,1,1,1,1,1,1,1,0,0,1,1,1,1,1,1,0,0,0,2,2,0,0,0,1,2,2,2,2,2,2,2,1,1,1,1,1,0,1,1,1,2,2,1,1,1,1,2,2,0,1,0,0,0,0,0,1,1,1,1,0,1,2,2,2,2,1,1,1,1,1,1,0,2,2,2,2
1,250,0,1.079,0.040,0.028,1,0,1,0,0,0,0,71,117,188,0,0,1,1,1,0,0,0,1,1,=,0,0,0,2,1,1,0,0,0,1,2,2,1,1,1,1,1,1,1,1,1,1,2,2,2,2,2,2,1,0,0,0,0,1,2,1,1,1,1,0,1,1,1,0,0,0,1,1,1,1,1,2,1,1,=,0,=,1,1,1,1,1,2,2,2,0,1,1,1,1,1,1,1,2,2,2,2,2,2,1,0,0,0,0,0,0,2,2,2,2,2
1,251,0,1.165,0.036,0.015,1,0,1,0,0,0,0,68,135,203,0,0,1,0,0,1,1,1,1,1,1,1,1,1,1,1,1,1,0,0,2,2,2,2,2,1,2,2,2,1,1,1,1,2,2,2,2,2,0,0,0,2,1,1,1,1,0,0,0,0,0,1,1,1,0,0,0,0,0,0,0,0,1,1,1,1,1,2,2,2,2,2,1,1,1,1,2,1,1,1,1,2,2,1,1,2,2,1,1,2,2,2,2,0,0,0,0,2,2,2,2,2
1,252,0,1.230,0.039,0.038,2,0,1,0,0,0,0,82,62,144,0,0,1,1,1,0,0,1,2,2,2,1,1,0,0,1,1,1,2,2,1,1,1,1,1,1,1,1,1,1,1,1,1,0,0,0,0,1,1,1,1,1,1,2,0,0,1,1,1,1,1,1,2,2,2,2,2,2,2,2,2,2,=,1,1,1,2,0,0,0,0,2,1,1,1,1,2,1,0,0,0,1,2,2,2,1,1,1,0,1,1,1,2,1,1,2,2,0,0,0,0,0
1,253,0,1.742,0.049,0.036,1,0,1,0,0,0,0,97,131,228,0,0,2,2,1,1,0,0,1,1,1,1,1,1,1,1,1,1,1,1,1,1,1,1,2,2,2,1,1,0,0,1,1,2,1,0,0,0,1,2,2,2,1,1,1,1,1,2,1,1,1,1,1,1,0,0,1,1,1,0,0,0,1,1,1,1,1,=,1,1,1,1,0,1,2,2,1,1,1,0,0,1,0,1,1,1,1,1,1,0,1,1,1,2,1,1,1,2,2,2,2,0
1,254,0,1.272,0.038,0.012,2,0,1,0,0,0,0,99,115,214,0,0,1,2,2,1,1,1,2,1,0,0,0,1,1,0,0,0,0,1,2,1,1,1,2,2,2,2,2,2,2,2,1,0,0,0,0,0,=,0,0,0,2,=,0,0,1,0,=,1,2,2,2,1,1,1,1,2,2,2,2,2,1,=,1,1,1,2,2,2,2,1,0,0,1,2,2,2,2,2,2,1,1,2,2,0,0,1,1,0,0,1,1,=,1,0,0,0,0,0,0,0
1,255,0,1.935,0.068,0.034,2,2,2,4,0,0,0,135,183,318,2,0,1,1,2,2,2,2,1,1,1,1,1,1,1,1,1,0,0,0,0,0,0,0,1,1,1,0,0,0,1,1,1,2,2,2,2,2,0,1,2,1,1,2,1,1,0,1,1,1,1,=,0,0,0,0,0,0,1,1,1,1,1,2,1,1,1,2,2,2,2,0,2,1,1,2,2,2,2,=,1,2,1,1,1,0,0,0,0,0,0,0,1,1,1,0,0,0,0,0,0,2
1,256,0,1.896,0.064,0.013,4,2,4,4,0,0,0,125,77,202,2,4,1,1,2,2,1,0,1,2,2,2,2,2,2,0,0,0,0,0,1,1,1,1,1,1,0,2,1,1,1,1,1,0,0,0,1,1,0,0,1,1,1,1,2,1,1,1,1,1,2,1,1,1,1,1,1,1,1,1,1,1,1,2,2,2,1,1,1,1,1,1,2,1,1,1,0,1,1,=,2,2,1,1,1,1,1,0,1,1,2,2,2,1,1,1,1,0,2,2,2,2
1,257,0,1.441,0.056,0.016,3,2,3,1,0,0,0,148,94,242,3,1,1,1,=,2,=,1,1,1,1,0,0,0,0,1,1,1,1,2,0,0,0,0,2,1,1,1,1,2,2,2,1,0,2,2,2,1,1,1,2,1,2,2,2,2,1,2,2,2,1,2,2,2,2,2,1,0,1,1,1,1,1,2,0,0,0,2,2,2,2,1,0,0,0,0,0,1,1,1,1,0,0,0,0,0,0,1,1,1,1,1,1,2,2,2,2,0,0,0,0,0
1,258,0,1.834,0.052,0.005,2,0,1,0,0,0,0,91,67,158,0,0,0,0,1,1,0,0,2,2,=,1,0,0,0,1,1,1,1,2,2,2,1,1,1,1,1,1,1,1,1,1,2,1,0,1,1,1,0,0,0,0,2,2,2,1,2,1,1,1,1,1,1,0,0,0,1,2,2,2,2,2,2,1,1,1,2,1,0,0,0,0,2,1,1,1,2,2,2,2,2,2,2,2,1,1,2,1,0,0,0,0,0,1,1,0,1,2,2,2,2,2
1,259,0,1.250,0.046,0.019,4,2,3,1,0,0,0,121,70,191,3,1,1,2,2,1,1,1,1,0,=,1,1,2,2,1,1,1,1,0,0,0,0,0,1,2,1,0,0,1,1,1,2,2,2,2,2,1,1,1,2,2,1,2,1,1,2,1,=,0,0,2,2,1,1,1,0,1,1,1,1,1,2,1,1,1,1,1,1,1,1,1,1,2,2,1,1,1,1,=,2,0,0,0,0,1,1,2,2,0,0,0,0,0,0,1,1,2,2,2,2,2
1,260,0,2.676,0.069,0.015,1,0,1,0,0,0,0,175,141,316,0,0,1,1,2,2,2,2,1,1,1,2,2,2,2,1,1,0,1,1,1,1,1,1,2,2,1,1,1,1,2,2,2,1,1,1,1,1,1,0,1,1,1,1,1,1,1,1,1,1,2,1,1,1,2,2,2,2,2,2,2,1,1,2,1,1,1,0,0,0,1,1,1,1,1,2,1,0,0,0,0,1,0,1,1,2,2,2,1,0,0,2,2,1,1,1,=,2,2,2,2,2
1,261,0,1.167,0.044,0.028,4,2,3,2,0,0,0,77,66,143,4,2,2,1,=,0,0,0,1,1,1,1,1,1,0,1,1,2,2,2,2,2,1,1,1,1,0,1,1,1,1,1,1,1,1,1,1,1,1,1,2,2,=,2,1,1,1,1,=,0,0,2,2,2,1,0,0,1,1,1,1,1,2,1,1,1,2,1,1,1,0,1,0,0,0,0,2,1,1,1,1,2,1,1,1,1,1,1,1,2,2,2,2,2,2,2,2,0,0,0,0,=
1,262,0,0.909,0.039,0.031,1,0,1,0,0,0,0,152,41,193,0,0,0,0,1,1,2,2,0,0,0,0,1,1,1,1,1,1,0,0,1,1,1,1,1,1,0,0,0,0,0,0,0,0,0,0,0,0,2,2,2,2,0,2,2,1,1,1,1,1,1,2,2,2,2,2,1,0,0,0,1,1,1,1,2,2,2,=,2,2,2,2,1,1,0,1,2,0,0,1,1,2,2,1,1,1,2,1,1,1,2,2,1,1,2,2,2,0,0,0,0,0
1,263,0,1.705,0.054,0.010,2,0,1,0,0,0,0,119,68,187,0,0,2,1,1,1,1,1,1,1,1,1,1,2,2,1,1,1,1,2,2,2,1,0,0,0,2,2,2,1,1,1,1,1,1,2,2,1,0,0,0,0,2,1,1,0,2,2,2,2,2,1,1,0,0,0,0,2,2,2,1,1,2,0,0,0,0,2,2,2,2,1,1,0,0,1,0,0,0,0,1,2,2,1,0,0,1,1,1,1,1,1,0,1,0,0,0,0,0,0,0,2
1,264,0,1.451,0.048,0.018,3,2,2,2,3,1,0.56,148,126,274,0,0,0,2,2,2,2,2,2,1,1,1,1,1,1,0,0,2,2,2,0,1,1,2,2,2,0,=,0,0,1,1,1,2,2,2,2,1,1,1,1,1,0,0,0,1,1,0,0,0,1,1,1,1,1,1,1,0,1,1,1,2,=,0,0,0,1,=,2,2,2,1,2,1,1,0,2,2,2,1,1,1,1,1,=,2,2,1,1,0,0,1,1,2,1,1,2,2,2,2,2,2
1,265,0,1.240,0.049,0.007,4,2,4,2,0,0,0,97,166,262,4,3,2,2,2,2,1,1,1,2,2,2,2,2,2,0,0,0,0,2,1,2,2,2,2,2,1,1,1,1,1,1,1,1,2,1,1,0,0,0,0,0,0,0,0,0,2,1,1,1,1,1,0,1,2,2,1,0,0,0,0,1,1,2,2,2,2,2,2,2,2,2,1,2,1,1,1,1,1,1,1,2,2,1,1,1,2,2,2,1,0,0,1,1,1,2,2,0,0,0,0,0
1,266,0,1.024,0.042,0.026,4,2,3,4,0,0,0,145,104,249,3,4,2,2,2,2,2,2,2,2,2,1,1,1,0,1,1,=,2,1,0,1,1,1,1,1,0,0,0,0,0,0,0,1,1,1,1,1,0,0,0,0,1,1,1,1,1,1,1,1,0,2,2,2,2,2,2,0,0,=,1,2,2,2,1,1,1,2,2,2,1,0,1,0,1,1,2,0,2,2,2,2,2,2,2,2,2,2,2,1,1,1,2,=,2,2,2,0,0,0,0,0
1,267,0,1.146,0.051,0.012,2,0,1,0,0,0,0,97,120,217,0,0,2,2,2,=,1,1,1,1,1,1,1,1,1,1,1,=,2,2,0,1,1,1,1,1,1,1,1,1,=,0,0,1,1,1,2,1,0,0,0,0,0,0,0,0,2,2,=,=,1,2,2,=,1,1,2,0,1,1,1,2,1,1,1,1,1,2,2,2,0,0,1,1,1,1,0,1,2,2,2,0,0,2,2,2,2,2,2,0,1,1,1,=,2,0,1,0,2,2,2,0
1,268,0,1.517,0.053,0.003,2,0,1,0,0,0,0,123,77,200,0,0,0,1,1,1,2,2,1,1,1,=,2,2,2,0,0,1,1,2,0,1,1,2,1,1,0,1,1,1,1,1,1,2,2,1,1,1,0,0,0,0,=,2,0,0,1,1,=,2,2,1,1,1,2,2,2,0,0,0,0,1,2,1,2,1,2,=,1,1,1,0,1,0,0,0,1,1,2,2,2,0,1,2,2,2,2,2,2,0,0,0,2,2,2,2,1,2,2,2,2,2
1,269,0,1.170,0.044,0.011,4,2,4,1,0,0,0,165,75,240,3,4,1,2,2,2,1,1,2,2,2,1,1,1,2,1,1,0,1,1,0,=,1,1,0,1,0,1,1,1,1,1,0,1,1,1,1,1,1,0,0,0,1,=,2,2,1,2,2,2,2,2,2,2,1,1,1,1,1,1,1,2,2,1,1,1,1,2,1,1,1,2,1,1,1,1,0,0,1,1,1,1,1,0,0,1,=,2,2,2,1,1,1,2,2,2,2,0,0,0,0,0
1,270,0,1.317,0.052,0.025,3,2,4,1,0,0,0,110,133,243,3,1,1,0,0,0,0,1,0,0,=,1,1,1,1,1,1,1,1,1,0,0,0,1,2,1,1,1,1,1,0,0,0,1,1,2,2,1,0,0,0,1,1,1,1,1,1,1,1,1,2,1,0,0,0,1,1,1,1,1,1,1,2,0,0,0,0,1,1,1,2,2,0,1,1,1,0,1,1,1,0,1,1,1,1,1,1,1,2,1,2,2,2,1,1,0,1,2,2,2,2,2
1,271,0,1.587,0.067,0.020,1,0,1,0,0,0,0,106,143,248,0,0,2,0,0,0,0,0,0,0,0,0,=,1,1,2,2,0,0,0,1,1,1,2,0,0,1,2,2,2,2,2,1,1,1,1,1,0,1,1,0,2,1,2,2,2,1,1,=,2,1,1,0,0,0,1,1,0,1,1,2,2,1,1,1,1,1,2,2,2,1,1,0,0,1,1,0,1,1,1,0,0,0,1,1,1,1,1,0,0,0,1,1,0,0,0,0,2,2,2,2,2
1,272,0,2.074,0.068,0.028,4,1,3,0,0,0,0,83,192,275,4,3,0,0,1,1,1,1,1,1,1,1,1,0,0,1,1,1,1,1,1,1,1,1,1,1,1,2,2,1,1,1,0,1,1,0,0,0,1,1,0,0,1,2,2,2,2,0,=,1,1,0,0,1,1,1,1,2,1,0,0,0,1,0,1,1,0,1,1,1,1,0,2,2,1,1,2,0,0,0,0,0,0,0,0,0,0,1,1,1,1,1,1,0,0,0,1,=,0,0,2,2
1,273,0,1.164,0.042,0.008,1,0,1,0,0,0,0,104,108,212,0,0,2,2,2,=,1,1,1,1,=,0,0,0,2,1,0,0,0,1,1,=,2,1,0,0,1,2,2,2,2,2,1,1,1,1,1,2,2,2,1,1,=,0,0,0,0,0,0,0,1,0,0,=,1,2,2,1,1,1,0,0,1,1,0,1,2,2,2,2,2,1,1,0,0,0,2,2,2,2,1,1,1,1,1,2,2,2,2,1,1,1,2,0,0,0,0,0,2,2,2,2
1,274,0,1.105,0.039,0.024,1,0,1,0,0,0,0,152,67,219,0,0,0,0,0,1,1,1,2,2,2,2,1,1,1,1,1,1,1,2,1,1,1,2,2,2,1,1,1,1,1,1,2,1,1,1,1,2,=,2,1,1,2,2,2,2,1,1,=,0,1,1,1,1,1,0,0,2,2,2,2,2,2,=,1,0,0,2,2,2,1,1,2,2,2,2,1,1,1,1,2,1,2,2,2,1,1,1,0,1,1,1,1,1,1,0,1,0,0,0,0,2
1,275,0,1.587,0.045,0.031,4,2,4,1,0,0,0,73,68,140,4,4,0,0,0,=,1,0,2,2,2,2,2,2,2,2,2,1,0,0,2,2,2,1,0,0,1,1,2,2,1,1,2,1,1,1,0,0,1,1,0,1,1,1,1,2,1,0,0,0,1,2,2,=,0,0,0,1,1,1,0,1,1,0,0,0,1,1,1,1,1,1,1,2,2,1,0,0,0,0,0,1,1,1,1,0,1,1,1,1,0,0,1,1,1,0,2,0,0,0,0,0
1,276,0,0.989,0.042,0.061,0,0,1,0,0,0,0,110,111,221,0,0,2,0,0,1,1,2,2,2,2,1,1,1,1,1,1,2,2,2,0,0,0,1,1,2,0,=,0,0,0,0,1,0,0,1,1,1,1,0,0,1,1,1,1,1,1,1,1,0,1,2,2,2,2,2,2,0,0,0,1,1,=,1,1,1,1,1,0,0,0,0,1,1,0,0,1,1,1,=,2,0,0,1,=,1,2,2,1,1,1,1,1,2,1,0,0,0,2,2,2,2
1,277,0,2.366,0.073,0.010,1,0,1,0,0,0,0,255,124,379,0,0,=,2,2,1,1,1,2,1,2,0,0,0,1,0,0,0,1,1,0,0,0,1,1,1,1,1,1,1,2,2,1,0,0,1,1,1,2,2,2,2,1,0,0,=,0,0,1,1,1,1,1,1,1,1,1,1,0,0,0,0,2,1,1,2,2,1,0,0,0,1,2,2,1,1,1,1,1,1,2,1,1,1,0,2,2,0,0,2,2,2,0,0,1,1,1,0,0,0,0,=
