sex,mouse_ID,pgm,bw,liver_wt,pct_liver_wt,gallbladder_vol_log,gallstone_presence,gallstone_sandy,gallstone_solid,gallstone_count,gallstone_wt,gallstone_crystals,gallbladder_mucin,gallstone_score,gallstone_severity,chol_log,HDL,HDL_log,nonHDL_log,PC1,PC2,D1Mit64,D1Mit236,D1Mit7,D1Mit308,D1Mit16,D1Mit15,D1Mit426,D2Mit80,D2Mit375,D2Mit206,D2Mit164,D2Mit48,D2Mit113,D3Mit64,D3Mit137,D3Mit42,D3Mit18,D3Mit116,D4Mit1,D4Mit111,D4Mit297,D4Mit26,D4Mit54,D4Mit42,D5Mit348,D5Mit81,D5Mit10,D5Mit95,D5Mit223,D6Mit86,D6Mit123,D6Mit230,D6Mit44,D6Mit14,D7Mit267,D7Mit248,D7Mit323,D7Mit101,D7Mit109,D8Mit155,D8Mit64,D8Mit178,D8Mit248,D8Mit92,D9Mit90,D9Mit206,D9Mit229,D9Mit196,D9Mit18,D10Mit49,D10Mit213,D10Mit38,D10Mit230,D10Mit14,D11Mit74,D11Mit231,D11Mit4,D11Mit14,D11Mit103,D12Mit10,D12Mit60,D12Mit201,D12Mit97,D12Mit19,D13Mit56,D13Mit88,D13Mit256,D13Mit230,D13Mit35,D14Mit132,D14Mit7,D14Mit170,D15Mit174,D15Mit152,D15Mit67,D15Mit171,D15Mit161,D16Mit154,D16Mit4,D16Mit139,D16Mit86,D17Mit143,D17Mit50,D17Mit185,D17Mit123,D18Mit64,D18Mit60,D18Mit150,D18Mit48,D19Mit32,D19Mit40,D19Mit11,D19Mit71,DXMit81,DXMit1,DXMit149,DXMit29
,,,,,,,,,,,,,,,,,,,,,,1,1,1,1,1,1,1,2,2,2,2,2,2,3,3,3,3,3,4,4,4,4,4,4,5,5,5,5,5,6,6,6,6,6,7,7,7,7,7,8,8,8,8,8,9,9,9,9,9,10,10,10,10,10,11,11,11,11,11,12,12,12,12,12,13,13,13,13,13,14,14,14,15,15,15,15,15,16,16,16,16,17,17,17,17,18,18,18,18,19,19,19,19,X,X,X,X
,,,,,,,,,,,,,,,,,,,,,,3.67,23.69,38.55,50.78,75.10,76.25,84.32,14.70,27.59,55.94,60.69,77.36,96.21,21.40,34.91,52.94,72.32,79.23,7.09,28.35,37.99,41.31,70.02,82.64,11.97,26.89,50.64,63.84,86.57,1.81,27.76,45.74,53.72,77.64,17.09,34.27,54.45,69.01,81.84,2.14,19.01,34.43,44.99,74.62,17.80,21.42,26.83,46.41,71.49,1.91,9.75,23.23,45.28,66.75,3.52,21.92,41.87,62.40,82.37,8.36,15.54,30.20,50.43,62.10,6.05,18.48,39.72,63.20,67.21,6.03,44.98,56.17,1.84,17.41,32.17,45.02,52.78,2.59,25.43,37.29,54.32,4.93,22.32,39.30,60.67,4.46,18.04,29.10,52.15,3.04,20.38,36.26,56.28,20.59,37.11,50.14,78.50
F,1,0,20.80,1.74,8.40,1.32,1,0,1,4,0.70,1,2,2,3,2.15,42.00,1.62,2.00,0.76,1.33,0,0,1,1,1,1,1,1,1,1,1,1,1,1,2,1,1,1,2,1,1,1,1,1,2,1,1,1,2,1,0,1,=,2,1,1,0,1,1,0,1,1,1,1,0,0,0,2,2,1,1,0,0,0,0,1,1,0,0,0,0,1,1,1,2,2,2,2,2,1,1,1,1,1,0,1,1,2,1,1,1,0,0,0,0,1,1,1,1,1,0,0,0,1,1,1,0
F,2,0,24.20,1.83,7.60,1.33,1,0,1,3,1.20,1,4,2,3,2.23,46.00,1.66,2.10,1.16,2.50,1,0,0,0,0,0,0,1,1,1,1,1,1,1,1,2,2,2,1,2,2,1,1,1,1,1,1,1,1,0,1,1,=,2,2,2,1,1,1,1,1,2,1,1,0,0,0,0,0,1,1,2,2,2,0,1,1,1,1,1,1,1,1,0,1,2,2,1,1,0,1,1,2,2,1,1,1,2,1,=,2,0,1,2,2,0,0,1,1,1,1,1,1,0,0,1,1
M,3,0,29.00,1.73,6.00,1.17,0,0,0,0,0.00,0,3,0,0,2.12,65.00,1.81,1.82,-1.06,0.12,1,2,1,1,0,=,1,0,0,1,1,1,1,2,1,1,1,1,1,2,2,2,2,2,1,2,2,1,1,1,1,2,=,1,1,0,1,1,2,1,1,0,1,1,0,1,1,1,1,0,0,0,0,1,0,1,1,1,1,2,1,1,0,0,0,0,0,1,1,2,1,1,2,1,1,0,0,0,1,0,0,1,1,2,1,1,1,1,1,1,1,1,1,0,0,2,2
M,4,0,28.30,2.12,7.50,1.22,1,0,1,1,0.70,0,0,2,3,2.26,71.00,1.85,2.05,0.52,1.63,1,2,2,2,2,2,2,1,1,1,1,1,=,0,0,0,1,1,0,0,0,=,0,0,1,1,1,=,1,0,1,1,=,1,2,2,2,1,1,0,2,2,2,2,1,1,1,1,1,0,0,0,1,1,0,0,0,2,2,1,1,1,1,1,1,1,2,2,2,1,0,0,2,1,2,2,=,0,0,1,2,2,2,2,1,0,0,1,1,0,0,0,1,0,0,0,0
M,5,0,22.80,1.60,7.00,1.40,1,0,1,3,0.50,5,1,2,3,2.19,56.00,1.75,1.99,1.52,-0.37,1,1,1,1,1,1,1,2,2,2,2,1,0,0,1,1,0,0,2,1,1,1,1,2,2,2,2,2,2,1,0,0,=,0,1,1,1,1,1,0,0,0,0,2,1,1,1,1,1,2,2,1,1,1,1,1,1,1,0,0,2,2,2,2,0,0,0,0,1,1,1,1,1,1,1,1,1,0,0,1,1,2,1,0,0,0,0,0,0,1,1,1,0,2,2,2,2
F,6,0,24.70,1.76,7.10,0.90,1,0,1,2,0.69,1,4,2,3,1.89,35.00,1.54,1.63,0.75,1.30,1,1,1,1,1,1,2,1,0,0,0,0,1,0,1,0,0,0,1,1,0,0,0,0,1,1,0,0,0,0,0,0,=,1,1,1,1,1,1,0,0,0,0,0,2,=,1,1,0,1,1,1,1,1,1,2,1,0,0,1,1,1,1,0,0,0,1,0,0,2,2,2,2,2,1,1,1,1,1,1,1,0,0,0,1,1,0,0,0,1,1,2,1,1,1,1,1
F,7,0,23.70,1.62,6.80,1.17,0,0,0,0,0.00,0,2,0,0,1.93,39.00,1.59,1.66,-1.06,0.12,1,1,1,1,1,1,1,2,2,1,1,1,1,1,2,2,2,2,0,0,0,0,0,0,1,1,1,1,2,0,0,1,=,1,1,2,2,2,2,1,1,0,0,0,0,0,0,1,1,2,1,1,1,2,2,2,1,1,0,2,1,0,0,0,1,0,0,2,2,1,1,1,2,2,1,1,1,2,2,1,0,=,1,2,2,1,1,1,1,0,=,0,0,0,0,0,0
M,8,0,21.20,1.27,6.00,1.34,1,1,1,3,0.86,3,3,2,3,2.10,47.00,1.67,1.90,1.35,1.09,1,1,2,2,1,=,0,0,0,1,1,1,0,2,1,1,1,1,1,1,=,1,1,1,2,2,2,2,2,1,1,1,=,1,1,=,1,1,2,1,1,0,0,0,2,=,2,2,1,0,0,0,0,1,1,1,2,2,2,2,2,2,0,1,0,0,0,0,0,0,0,0,0,0,1,1,0,1,0,0,0,0,0,1,2,2,1,1,1,2,2,1,1,2,2,2,2
M,9,0,27.00,1.70,6.30,0.48,1,0,1,3,1.00,3,1,2,3,2.21,59.00,1.77,2.02,1.46,1.41,0,0,1,=,1,1,1,1,2,1,1,1,0,1,2,1,0,0,2,2,2,1,1,1,1,1,1,1,1,1,1,0,=,1,2,1,0,1,1,1,1,1,1,1,1,1,1,1,1,1,0,2,1,1,2,2,2,0,0,1,1,2,2,2,1,1,1,1,1,2,1,1,1,1,0,1,1,2,1,2,=,2,1,1,1,1,1,2,2,1,1,1,0,0,0,2,2
M,10,0,28.10,1.95,6.90,0.70,1,0,1,1,0.80,5,1,2,3,2.09,34.00,1.53,1.94,1.76,0.33,0,1,0,0,1,1,1,0,0,1,1,2,=,=,2,2,1,0,=,0,0,0,0,0,1,=,1,1,=,1,1,=,=,2,2,2,2,1,2,0,0,0,0,1,2,=,2,2,2,1,1,2,2,2,2,=,2,2,2,1,1,2,2,2,2,2,2,2,2,1,1,1,=,2,2,2,2,2,1,0,=,1,1,1,1,2,2,2,2,2,2,2,1,0,=,0,0
M,11,0,26.90,1.83,6.80,1.25,0,0,0,0,0.00,0,2,0,0,2.15,27.00,1.43,2.06,-1.06,0.12,0,1,1,1,1,1,2,1,1,2,2,2,2,1,0,0,0,0,1,1,2,2,=,1,1,1,1,=,=,0,0,1,=,1,0,1,1,=,1,0,1,1,1,0,2,=,2,2,2,1,1,1,1,1,1,0,1,0,0,1,1,1,0,0,1,1,1,1,=,2,2,2,1,0,0,0,0,0,=,1,1,0,0,0,1,1,1,1,1,0,0,0,0,0,0,2,2
M,12,0,27.20,1.68,6.20,0.78,1,0,1,1,0.50,4,2,2,3,2.12,38.00,1.58,1.98,1.29,-0.07,1,1,2,=,1,1,1,1,1,1,1,1,1,2,2,2,2,2,1,2,2,1,1,0,1,1,2,1,1,1,1,0,=,0,1,1,1,1,1,1,1,1,1,2,1,1,1,0,0,2,2,1,1,=,1,0,1,1,1,1,1,2,1,0,1,1,1,2,=,2,0,0,1,1,0,0,1,1,0,0,0,1,1,1,1,2,2,2,2,0,1,2,2,2,2,2,0
F,13,0,21.70,1.91,8.10,0.97,0,0,0,0,0.00,0,2,0,0,1.73,24.00,1.38,1.48,-1.06,0.12,0,0,2,2,2,2,2,2,1,1,1,1,1,2,1,0,0,0,0,0,1,=,2,2,2,2,1,1,1,1,0,=,=,1,0,0,0,1,1,1,2,2,2,1,2,2,2,1,0,2,2,=,2,2,1,1,1,0,0,2,2,2,2,2,1,2,2,1,1,2,1,1,1,1,1,1,1,0,1,0,0,1,1,1,1,2,2,2,1,0,0,0,=,1,1,1,0
F,14,0,22.00,1.48,6.70,0.56,1,0,1,2,0.95,0,2,2,3,1.93,20.00,1.30,1.81,0.73,2.22,1,1,1,1,1,1,2,0,0,0,0,0,0,2,1,1,0,0,0,=,1,1,1,1,2,2,2,2,2,=,0,1,=,1,1,1,1,1,0,0,0,1,1,1,0,0,0,=,=,2,1,0,0,0,2,1,1,1,1,1,1,1,=,0,0,0,0,0,0,1,=,0,0,0,0,0,0,2,2,1,1,1,1,1,0,1,1,1,1,0,1,1,1,1,1,1,1
M,15,0,23.20,1.32,5.70,1.26,1,0,1,12,0.82,3,3,2,3,2.01,32.00,1.51,1.85,1.32,0.99,1,2,1,1,2,2,2,2,1,1,1,2,2,2,2,2,1,1,2,2,2,2,2,2,2,2,2,2,1,1,1,1,1,1,1,0,0,0,1,1,1,1,1,1,1,1,1,1,0,2,2,1,1,1,2,2,2,2,1,2,2,1,1,1,1,1,1,1,1,2,1,1,1,1,1,1,1,1,1,1,1,1,0,0,0,1,1,1,0,1,1,1,1,2,2,2,2
F,16,0,25.80,1.65,6.40,1.32,0,0,0,0,0.00,0,3,0,0,2.11,61.00,1.79,1.83,-1.06,0.12,1,0,0,0,0,0,0,0,0,1,1,1,1,0,1,2,2,2,1,1,1,1,1,1,1,1,0,0,0,2,2,2,2,2,2,1,1,1,2,2,1,1,1,2,1,1,1,1,2,2,2,2,2,2,1,1,0,0,0,1,1,1,1,1,1,0,0,0,0,1,0,2,1,1,1,1,1,2,2,2,1,2,2,1,1,0,0,0,0,2,1,1,1,1,1,1,0
M,17,0,26.60,1.50,5.60,1.27,1,1,1,7,1.35,5,3,2,3,2.22,45.00,1.65,2.08,2.21,1.62,0,1,1,1,1,1,0,0,0,1,1,1,1,1,1,1,1,=,2,2,2,2,2,2,2,2,2,2,2,1,1,1,1,1,0,0,0,0,1,1,1,1,1,1,1,1,1,1,2,0,0,0,1,1,1,1,2,2,2,0,0,0,0,0,1,1,0,1,1,1,1,1,2,2,2,2,2,2,2,2,1,1,1,1,1,1,0,0,1,2,2,2,1,0,0,2,2
M,18,0,27.80,1.45,5.20,1.58,0,0,0,0,0.00,0,3,0,0,2.01,46.00,1.66,1.76,-1.06,0.12,0,1,1,0,0,0,0,0,0,1,1,1,1,2,2,2,1,=,2,2,=,2,1,1,2,2,0,0,1,1,=,0,1,1,=,1,1,1,1,1,1,1,0,0,1,1,1,2,2,1,1,1,1,1,=,2,2,1,1,1,1,2,1,1,2,2,1,1,1,1,2,2,2,2,2,0,0,0,0,0,0,2,2,2,2,1,1,=,1,0,1,1,1,2,2,2,2
M,19,0,26.40,1.46,5.50,1.20,0,0,0,0,0.00,0,3,0,0,2.08,36.00,1.56,1.92,-1.06,0.12,1,2,2,2,2,2,1,1,1,1,1,1,1,2,1,1,1,2,1,1,=,1,1,1,2,2,2,2,1,2,2,2,2,1,2,2,1,1,1,0,0,1,1,1,1,1,1,0,0,1,1,2,2,2,2,1,1,1,1,2,1,1,1,0,2,1,1,2,1,1,1,0,0,0,0,1,1,2,2,2,1,0,0,0,0,2,2,1,0,1,2,2,2,2,2,2,2
M,20,0,31.10,2.25,7.20,1.27,0,0,0,0,0.00,0,3,0,0,1.94,35.00,1.54,1.72,-1.06,0.12,1,1,1,1,2,2,2,1,1,1,1,2,2,2,2,2,1,1,1,0,1,1,1,1,1,1,1,0,0,1,1,1,1,1,1,1,1,1,2,1,0,0,0,0,1,=,1,1,1,1,1,1,1,1,1,2,2,1,1,1,2,2,2,2,1,1,2,2,2,2,0,0,1,2,2,2,2,2,2,2,0,2,1,1,1,1,0,0,0,1,1,1,1,2,2,2,2
F,21,0,26.90,1.68,6.20,1.08,0,0,0,0,0.00,0,3,0,0,1.87,22.00,1.34,1.72,-1.06,0.12,1,1,1,0,1,1,1,2,2,0,0,0,0,1,2,2,2,2,2,2,2,1,1,1,0,0,1,1,1,1,1,2,2,2,1,1,2,2,1,0,0,0,0,0,0,0,0,0,0,1,1,1,1,1,2,1,1,0,1,1,1,1,1,1,1,2,2,1,1,0,0,0,2,2,1,1,1,1,2,2,1,1,1,1,1,2,2,2,2,2,2,1,1,2,1,1,1
F,22,0,22.00,1.62,7.40,1.24,1,0,1,3,0.66,0,4,2,3,2.11,26.00,1.42,2.01,0.49,1.54,0,1,1,1,1,1,0,1,0,1,1,0,=,=,1,1,1,0,0,1,1,1,2,2,1,=,1,0,=,1,1,=,0,0,0,1,2,1,2,1,1,1,1,=,1,=,1,0,1,0,0,=,1,1,2,=,=,2,1,0,1,=,1,1,1,1,0,1,1,1,2,2,=,1,2,2,2,2,1,0,0,2,2,2,2,1,1,1,2,=,0,1,=,1,1,1,0
F,23,0,21.90,1.76,8.00,1.29,1,0,1,4,0.83,0,0,2,3,2.24,36.00,1.56,2.13,0.63,1.94,0,1,1,0,1,1,1,0,0,1,2,2,2,2,1,1,1,1,1,1,0,0,1,=,2,1,1,1,0,0,1,=,0,0,1,1,1,=,1,1,0,0,0,2,2,=,1,0,1,0,=,2,1,=,1,2,2,2,2,1,1,=,1,1,0,0,1,2,=,1,1,0,1,1,0,0,0,1,=,=,1,0,1,2,2,0,0,0,0,2,2,2,2,0,0,0,1
M,24,0,27.80,1.82,6.50,1.20,1,1,1,1,0.51,5,0,2,3,2.36,75.00,1.88,2.18,1.53,-0.35,0,1,1,=,1,1,0,2,1,1,1,1,=,2,2,2,2,1,1,2,2,=,1,1,1,2,1,0,0,1,1,=,=,1,1,0,0,0,0,1,0,0,=,=,1,=,1,1,1,0,0,=,2,2,0,1,2,2,2,1,2,2,2,2,2,1,1,0,=,0,1,1,1,1,1,0,0,1,1,1,=,0,0,2,2,1,1,1,1,1,1,1,2,0,0,0,0
F,25,0,21.10,1.16,5.50,1.15,0,0,0,0,0.00,0,3,0,0,2.05,29.00,1.46,1.92,-1.06,0.12,1,1,1,1,1,1,1,1,1,2,2,1,2,1,2,2,2,2,1,=,2,2,1,1,1,1,1,1,1,=,1,=,1,1,1,1,1,1,0,1,0,2,2,1,2,2,2,2,1,2,2,2,2,1,0,0,0,0,0,1,1,0,1,1,1,1,1,1,1,1,0,0,2,2,1,0,0,0,0,0,0,0,1,1,2,2,2,2,2,1,1,1,1,1,1,0,0
F,26,0,18.70,1.05,5.60,1.27,1,0,1,10,0.58,3,3,2,3,1.85,23.00,1.36,1.67,1.12,0.43,1,1,1,1,2,2,2,0,0,0,0,0,0,1,1,1,0,0,1,2,2,2,2,2,2,2,2,2,2,1,2,1,1,1,0,1,1,0,0,1,1,1,1,0,1,1,1,1,0,2,2,2,1,1,0,0,1,2,2,0,0,1,1,1,1,1,1,0,0,0,0,0,2,2,1,0,0,1,1,1,1,1,1,0,1,2,2,2,2,1,1,1,1,1,1,1,1
F,27,0,27.70,1.61,5.80,1.16,1,0,1,7,1.16,0,2,2,3,2.04,38.00,1.58,1.85,0.90,2.71,0,1,2,=,2,2,2,1,1,1,1,0,0,1,1,1,2,1,0,0,0,0,0,0,2,2,2,2,1,1,1,1,1,0,0,0,0,2,2,1,1,2,2,2,1,1,1,1,1,1,1,1,0,0,1,1,1,1,1,2,2,1,0,0,0,0,0,0,0,1,1,0,1,1,1,1,1,0,0,1,2,1,1,1,2,1,0,0,1,2,1,1,0,0,0,0,0
M,28,0,25.40,1.55,6.10,1.51,1,0,1,15,0.69,2,2,2,3,1.79,19.00,1.28,1.62,0.98,1.00,1,1,1,0,0,0,0,1,1,1,1,1,1,0,1,1,1,1,1,1,=,1,1,1,1,1,1,1,2,1,1,1,1,1,1,2,1,1,0,1,0,0,=,1,2,2,2,2,2,1,1,1,1,0,2,2,2,2,2,2,2,2,1,0,0,0,0,0,0,2,1,1,1,1,2,2,2,=,2,2,2,1,1,0,1,1,1,2,2,1,1,0,0,0,0,2,2
M,29,0,26.10,1.67,6.40,0.96,0,0,0,0,0.00,0,3,0,0,2.02,47.00,1.67,1.76,-1.06,0.12,1,1,2,2,1,1,1,2,2,1,1,1,2,0,0,0,1,1,0,0,=,1,1,1,1,1,1,1,1,1,0,0,=,2,2,2,2,1,1,0,1,2,2,1,1,1,1,2,2,1,0,1,1,1,0,0,0,0,1,1,1,1,1,2,2,2,2,2,2,0,0,=,1,1,1,0,0,2,1,1,1,2,1,1,1,0,=,2,2,1,1,1,0,2,2,2,0
M,30,0,28.00,1.63,5.80,1.32,1,1,1,18,1.16,3,3,2,3,1.87,40.00,1.60,1.53,1.59,1.79,2,1,1,1,2,2,2,1,1,1,1,1,1,=,1,2,2,2,1,1,=,1,1,1,1,1,0,0,1,1,0,0,0,1,1,1,=,0,0,1,1,1,1,2,2,2,2,2,2,1,1,1,1,1,2,1,=,1,=,1,2,1,1,1,0,0,0,0,0,1,1,1,0,0,0,0,0,2,2,2,0,1,1,1,2,1,1,1,=,1,1,2,2,0,0,0,2
M,31,0,25.30,1.61,6.40,1.24,1,1,1,16,2.57,0,1,2,3,1.91,30.00,1.48,1.72,2.04,6.02,1,1,1,0,1,1,1,1,1,=,1,0,1,=,1,1,1,2,1,1,1,1,1,1,0,0,1,1,2,0,0,0,1,1,2,2,2,1,1,2,2,0,1,1,1,1,1,2,2,=,=,0,1,2,1,1,1,0,0,1,1,1,0,0,1,1,1,1,1,0,0,0,1,0,=,0,1,1,1,1,=,1,0,0,1,0,0,0,0,1,1,1,0,2,2,2,0
M,32,0,27.60,2.20,8.00,0.94,1,1,1,2,2.20,4,1,2,3,2.02,31.00,1.49,1.87,2.66,3.92,1,0,0,0,0,0,0,1,1,1,0,0,0,2,1,1,1,1,2,2,=,2,2,2,0,0,0,0,0,2,0,0,0,1,2,2,2,1,1,1,0,0,1,2,0,0,0,0,1,0,0,1,2,2,0,0,0,0,1,0,0,1,1,1,1,1,1,0,0,0,1,1,1,2,2,2,2,2,2,2,2,1,1,1,0,2,2,2,2,0,0,0,1,0,0,0,0
M,33,0,27.70,1.75,6.30,0.81,0,0,0,0,0.00,0,3,0,0,2.13,43.00,1.63,1.96,-1.06,0.12,1,2,2,2,2,2,2,1,1,1,1,1,1,1,1,1,1,1,1,1,=,1,0,0,1,1,0,1,1,2,2,2,2,2,0,1,1,1,1,1,2,2,2,2,2,2,1,1,1,1,1,1,1,1,0,1,1,2,2,0,0,0,0,0,1,1,0,0,0,1,1,2,2,2,2,2,2,1,0,0,1,1,1,2,2,0,1,1,1,1,1,1,0,0,0,0,0
F,34,0,20.30,1.28,6.30,1.30,1,1,1,2,0.64,3,2,2,3,2.09,29.00,1.46,1.97,1.17,0.57,0,0,1,0,1,1,1,0,0,1,1,1,0,1,1,1,1,1,1,0,0,0,2,2,2,2,2,2,2,1,0,1,1,1,2,2,2,2,2,0,0,0,0,1,2,2,2,1,1,2,2,2,1,1,1,0,2,2,2,0,0,0,1,1,2,2,1,1,1,1,1,1,1,1,1,1,2,0,1,1,1,2,2,1,=,1,1,1,2,2,2,2,2,1,1,1,1
F,35,0,21.50,1.38,6.40,1.33,0,0,0,0,0.00,0,3,0,0,1.91,24.00,1.38,1.76,-1.06,0.12,=,1,1,1,0,0,0,1,1,1,1,1,2,0,0,1,2,2,2,2,2,2,1,1,2,1,0,0,=,1,1,=,1,1,0,1,1,=,1,1,0,0,0,2,1,=,1,2,2,0,0,=,0,1,2,2,2,2,2,0,0,=,0,0,0,0,0,1,1,2,1,1,1,1,1,1,1,1,1,2,2,=,1,1,1,0,1,1,1,1,0,=,=,0,0,0,0
M,36,0,28.30,1.57,5.50,1.03,1,0,1,1,0.79,0,2,2,3,2.22,31.00,1.49,2.13,0.60,1.85,0,0,1,1,1,1,1,1,1,1,1,1,1,0,1,1,1,1,1,1,1,=,1,1,1,1,1,=,=,1,1,1,=,0,0,1,2,=,2,0,1,1,1,1,1,=,1,1,1,2,2,2,2,2,0,0,1,1,1,2,2,1,1,1,1,2,0,0,=,0,0,0,1,1,0,1,0,1,=,=,1,1,1,0,1,1,1,2,2,1,1,1,1,2,0,0,0
F,37,0,22.90,1.64,7.20,1.02,0,0,0,0,0.00,0,2,0,0,1.76,18.00,1.26,1.60,-1.06,0.12,1,1,0,0,0,0,1,1,1,0,0,1,1,0,0,0,0,0,1,2,2,1,1,1,2,1,0,=,0,1,0,0,1,2,0,0,1,1,1,0,1,1,1,1,1,1,1,1,1,2,2,2,1,1,1,1,1,1,1,2,2,2,1,1,2,2,2,1,0,2,1,0,1,0,0,0,0,1,2,2,2,1,1,1,2,2,2,1,1,2,2,2,2,1,0,0,1
F,38,0,22.90,1.65,7.20,0.90,0,0,0,0,0.00,0,2,0,0,1.93,29.00,1.46,1.75,-1.06,0.12,0,0,0,1,1,1,1,1,1,0,0,0,0,2,1,1,1,2,1,1,1,1,2,=,2,2,0,0,0,2,1,=,2,2,2,1,2,2,2,2,2,1,0,0,0,0,0,0,0,0,0,=,1,2,1,2,2,1,1,1,1,1,1,1,0,0,1,1,1,2,2,1,0,0,1,1,1,1,2,2,2,1,1,1,2,1,1,1,1,2,1,1,=,0,0,0,1
F,39,0,22.60,1.52,6.70,1.28,0,0,0,0,0.00,0,3,0,0,1.77,40.00,1.60,1.28,-1.06,0.12,1,1,1,=,0,0,0,0,1,1,1,2,2,1,1,1,1,1,0,0,0,0,1,1,0,0,0,0,1,2,1,1,1,2,1,1,1,1,2,2,2,2,2,2,1,1,1,1,0,2,2,2,2,2,1,0,0,1,1,0,0,0,1,1,1,1,0,1,1,1,1,0,1,0,0,0,0,=,1,1,1,1,1,1,2,2,1,1,0,1,=,0,0,1,1,1,0
F,40,0,22.30,1.62,7.30,1.12,0,0,0,0,0.00,0,2,0,0,1.91,42.00,1.62,1.60,-1.06,0.12,1,2,2,2,1,1,1,1,1,1,1,2,2,1,1,1,1,1,1,1,=,1,1,1,0,0,0,=,0,=,1,1,1,1,1,2,1,1,1,1,1,1,1,1,1,1,1,0,1,1,1,0,0,1,1,=,1,1,2,1,0,0,1,1,1,1,0,0,0,1,1,2,0,0,1,1,1,1,1,1,1,0,0,0,2,2,2,2,0,1,0,0,0,0,0,0,0
M,41,0,25.70,1.18,5.00,1.36,0,0,0,0,0.00,0,2,0,0,1.92,55.00,1.74,1.45,-1.06,0.12,1,1,1,0,0,0,0,1,1,2,2,2,2,2,2,1,1,1,2,2,2,2,2,2,1,1,1,1,1,1,1,1,1,1,1,1,1,1,1,2,2,2,2,1,2,2,2,2,2,1,1,1,1,0,1,1,1,1,1,1,1,0,0,0,1,1,1,0,0,1,2,2,0,0,0,0,0,0,0,0,0,0,0,0,1,2,2,2,2,1,2,2,2,2,2,2,2
M,42,0,28.20,1.90,6.70,1.47,1,1,1,8,0.56,3,2,2,3,2.33,74.00,1.87,2.14,1.10,0.38,1,1,1,0,0,0,0,0,0,1,1,1,1,0,0,1,2,2,0,2,2,2,1,1,0,0,1,1,2,0,0,1,2,2,1,0,0,0,0,0,0,1,1,1,1,=,1,2,2,1,2,2,2,2,1,0,0,0,0,1,1,1,1,1,2,2,2,1,1,1,1,2,1,2,2,2,2,1,0,0,1,0,0,0,1,2,2,2,1,1,1,1,1,0,0,0,0
F,43,0,19.50,1.25,6.40,1.38,0,0,0,0,0.00,0,2,0,0,1.80,17.00,1.23,1.66,-1.06,0.12,1,1,1,1,1,1,1,1,1,2,2,1,0,1,1,2,2,2,1,=,2,2,2,2,2,1,1,0,0,2,=,1,1,1,1,0,0,0,0,1,1,1,1,1,2,1,2,2,2,=,2,2,1,1,1,0,0,0,1,0,0,0,0,0,1,1,1,1,1,2,2,2,0,1,1,2,2,2,2,0,2,2,2,2,1,0,1,1,1,2,2,1,0,1,1,1,1
F,44,0,21.60,1.45,6.70,1.14,1,0,1,5,0.84,1,1,2,3,1.72,11.00,1.04,1.62,0.87,1.65,0,0,0,0,1,1,1,1,1,1,2,1,1,2,1,1,0,0,1,=,=,1,1,1,1,1,1,1,1,1,=,0,0,0,0,1,1,2,=,1,1,2,2,1,2,1,1,1,2,1,1,2,2,2,0,1,1,2,2,0,0,0,2,2,=,0,1,2,2,1,0,0,0,0,0,1,1,=,1,1,1,2,1,1,0,1,1,0,0,1,=,1,2,0,1,1,1
M,45,0,24.10,1.82,7.60,0.85,0,0,0,0,0.00,0,3,0,0,2.23,35.00,1.54,2.13,-1.06,0.12,1,1,1,0,2,2,2,1,1,2,2,2,2,1,1,0,0,0,1,1,0,0,0,0,0,0,0,0,1,1,1,2,1,1,2,2,=,2,2,1,1,0,0,1,0,0,0,0,0,0,0,0,0,2,1,1,=,0,0,1,1,0,1,1,1,1,2,2,2,0,0,0,1,1,1,1,1,1,1,0,2,0,0,1,2,2,2,2,=,1,1,1,2,0,0,0,0
F,46,0,25.90,1.63,6.30,1.55,0,0,0,0,0.00,0,2,0,0,1.96,59.00,1.77,1.52,-1.06,0.12,1,2,0,0,1,1,1,2,2,2,2,0,0,1,2,2,2,2,0,0,=,0,0,0,1,2,1,1,1,=,1,1,1,1,0,2,2,2,2,1,1,1,1,1,2,2,2,2,2,1,1,1,2,2,1,1,=,0,1,1,2,2,2,2,2,2,2,2,2,1,1,1,1,1,0,0,0,1,1,1,1,2,2,1,1,0,0,1,2,0,1,1,1,0,0,0,0
F,47,0,23.70,1.64,6.90,1.25,1,1,1,2,0.76,4,1,2,3,1.92,10.00,1.00,1.86,1.50,0.54,=,1,1,=,1,1,1,1,1,0,0,1,1,1,1,1,1,1,2,2,2,2,2,1,0,0,0,=,=,0,0,=,0,0,2,2,1,=,0,0,0,0,0,1,1,1,1,1,2,0,0,1,1,1,0,1,1,0,0,2,2,=,2,2,1,0,0,0,1,0,2,2,=,1,1,1,1,1,=,2,0,=,0,1,2,1,2,2,1,=,1,1,=,0,0,1,1
M,48,0,32.60,2.31,7.10,1.15,0,0,0,0,0.00,0,2,0,0,2.14,39.00,1.59,1.99,-1.06,0.12,=,1,1,1,2,2,2,1,1,1,1,1,1,1,1,1,2,2,2,2,2,2,2,2,1,1,0,0,=,2,2,=,=,2,1,2,2,=,0,1,0,0,0,0,0,=,0,0,0,2,2,2,1,1,1,1,1,2,2,0,0,1,1,1,0,1,0,1,=,1,1,1,0,1,1,1,1,2,1,1,1,2,2,2,2,1,1,2,2,0,0,0,=,=,0,0,0
F,49,0,21.50,1.38,6.40,1.19,0,0,0,0,0.00,0,3,0,0,1.81,17.00,1.23,1.68,-1.06,0.12,0,1,1,1,1,=,1,0,0,0,0,0,0,1,2,2,2,2,1,1,1,=,1,1,0,0,0,=,1,2,0,=,0,1,2,=,1,1,1,0,0,1,1,2,2,2,=,2,1,0,0,1,1,=,1,1,1,1,1,1,=,2,2,2,2,2,1,0,0,2,2,2,1,1,2,1,2,=,0,0,1,1,1,1,1,2,2,2,1,1,1,1,=,1,0,0,0
F,50,0,20.80,1.41,6.80,1.45,0,0,0,0,0.00,0,3,0,0,1.76,21.00,1.32,1.57,-1.06,0.12,1,1,=,2,=,1,1,0,=,0,1,=,2,0,=,1,=,1,1,1,1,1,1,1,2,2,1,1,=,1,2,=,2,2,1,1,1,1,2,2,2,2,=,0,0,0,0,1,2,0,0,1,1,=,0,0,1,2,2,1,1,2,2,=,2,2,2,2,2,2,2,1,0,0,0,0,0,0,0,0,1,1,2,2,2,0,0,0,0,1,1,2,=,0,0,0,0
M,51,0,23.50,1.97,8.40,1.84,1,1,1,3,0.50,4,1,2,3,2.10,57.00,1.76,1.84,1.29,-0.07,1,0,0,0,0,0,1,2,2,1,1,1,1,0,0,0,1,1,1,1,1,1,2,2,2,2,2,2,2,0,0,0,0,1,0,2,2,2,2,0,0,0,1,1,1,1,1,1,0,1,1,1,=,=,0,0,1,1,1,2,2,1,1,1,2,1,0,0,0,0,1,2,2,2,2,2,2,1,0,0,0,1,2,2,2,2,2,2,1,2,1,1,1,0,0,2,2
F,52,0,20.90,1.10,5.30,1.40,0,0,0,0,0.00,0,3,0,0,1.89,30.00,1.48,1.67,-1.06,0.12,1,1,=,1,=,1,1,0,=,0,0,1,1,1,1,0,=,0,1,1,1,1,1,1,0,0,0,0,0,1,0,0,0,1,0,0,1,1,1,0,0,0,=,0,1,1,1,1,1,0,0,1,1,=,1,1,1,1,0,1,0,0,0,0,1,1,1,1,1,1,1,1,0,0,0,1,1,1,1,0,0,1,1,1,1,2,1,1,1,2,1,0,0,1,1,1,0
F,53,0,23.20,1.26,5.40,1.19,1,1,1,3,0.67,1,3,2,3,1.87,34.00,1.53,1.60,0.73,1.26,2,1,1,0,2,2,2,2,2,2,2,1,1,0,0,0,0,=,1,1,1,1,1,1,0,0,0,0,0,1,1,1,1,1,2,1,1,1,1,=,1,1,2,2,0,0,0,0,0,0,0,1,2,2,2,1,1,1,0,1,1,1,1,1,1,0,1,1,1,1,1,1,0,0,0,1,1,1,1,1,2,1,1,1,0,0,0,1,0,1,0,0,0,0,0,0,0
F,54,0,22.70,1.36,6.00,1.11,0,0,0,0,0.00,0,3,0,0,2.03,26.00,1.42,1.91,-1.06,0.12,0,2,2,1,1,1,1,0,0,1,1,1,1,1,1,1,1,1,1,1,0,0,1,1,1,1,0,0,0,2,2,1,1,1,2,1,1,1,0,1,1,1,2,2,1,1,1,1,1,1,1,1,1,0,1,1,1,2,2,1,1,1,0,0,1,1,0,1,1,1,1,2,1,2,2,2,2,1,2,2,2,0,1,1,1,1,1,1,0,1,1,1,1,0,1,1,1
F,55,0,22.30,1.27,5.70,1.21,0,0,0,0,0.00,0,3,0,0,1.83,37.00,1.57,1.48,-1.06,0.12,1,1,1,1,1,1,1,0,0,1,1,1,2,1,1,0,0,0,0,0,0,0,0,1,0,0,0,0,0,1,1,1,1,1,1,1,1,1,1,1,1,1,1,1,1,1,1,2,1,1,1,2,2,2,1,0,=,1,1,1,1,1,1,1,1,1,1,1,1,0,0,0,0,0,0,0,0,0,0,0,1,1,1,1,0,1,1,1,1,1,1,1,0,0,0,0,0
M,56,0,27.60,1.63,5.90,1.32,1,0,1,2,0.93,0,3,2,3,2.04,40.00,1.60,1.85,0.71,2.17,2,2,2,1,1,1,1,1,1,0,0,0,1,1,2,2,2,2,1,1,=,1,1,2,2,1,1,1,1,0,2,2,2,2,0,0,1,1,1,1,2,2,1,2,1,1,1,1,1,1,1,1,0,0,1,1,2,1,1,0,0,1,1,1,1,1,1,1,1,1,2,2,1,1,1,1,1,1,1,1,1,0,0,1,1,0,0,1,1,1,1,2,2,2,2,2,2
F,57,0,20.70,1.32,6.40,1.43,1,1,1,2,0.95,0,2,2,3,2.07,23.00,1.36,1.97,0.73,2.22,0,0,0,1,1,1,2,1,1,1,2,2,2,2,2,2,2,1,1,1,1,1,1,1,1,0,0,0,0,1,0,0,0,1,0,0,1,1,1,0,0,1,1,1,2,2,2,=,=,2,2,2,2,2,2,2,2,1,1,1,1,2,=,2,0,0,0,0,0,1,=,2,1,1,1,2,2,1,1,1,1,2,2,2,2,0,0,0,0,0,0,0,0,0,1,0,0
F,58,0,25.00,1.67,6.70,1.10,0,0,0,0,0.00,0,2,0,0,2.07,55.00,1.74,1.80,-1.06,0.12,0,1,1,0,1,1,1,2,2,2,2,2,2,2,1,1,1,1,1,0,0,0,1,1,1,1,2,2,2,1,2,2,2,2,0,0,0,0,0,0,0,2,2,2,1,1,1,1,2,2,1,1,1,1,1,1,0,0,1,1,1,0,0,0,1,1,0,0,1,0,0,0,1,1,1,1,1,1,1,1,1,0,0,1,1,2,2,2,2,1,1,1,1,1,1,1,=
F,59,0,22.20,1.49,6.70,1.28,1,0,1,5,0.78,0,4,2,3,1.70,14.00,1.15,1.56,0.59,1.82,=,2,2,2,2,2,2,1,1,1,0,=,1,2,1,1,1,1,2,2,2,2,2,1,1,1,2,=,2,1,2,2,1,1,1,1,1,=,1,0,0,1,=,1,0,2,0,1,1,2,=,2,2,2,2,0,2,2,1,1,1,2,1,1,0,0,0,1,1,1,0,0,1,2,=,2,2,0,=,0,=,=,1,1,1,1,1,2,2,0,1,1,2,1,1,1,1
F,60,0,22.90,1.35,5.90,0.78,0,0,0,0,0.00,0,2,0,0,1.85,26.00,1.42,1.64,-1.06,0.12,=,1,1,1,1,1,1,0,0,2,2,1,1,1,1,2,2,2,2,1,1,1,1,1,2,1,1,1,=,1,1,=,1,2,0,1,2,=,0,1,2,2,1,1,1,2,1,1,0,0,1,1,2,=,1,1,1,0,0,1,1,1,1,1,1,1,1,0,=,1,0,1,0,1,=,1,1,1,0,1,=,1,1,1,2,1,1,1,1,0,1,1,1,0,0,0,1
M,61,0,28.50,1.54,5.40,1.09,1,1,1,6,0.65,3,2,2,3,2.12,36.00,1.56,1.99,1.18,0.59,1,1,=,1,=,1,2,1,=,=,0,0,1,1,2,2,=,2,2,2,2,2,2,=,0,0,1,=,2,2,2,2,=,2,0,0,=,=,1,1,1,1,1,1,1,1,1,1,2,0,0,0,1,1,1,0,0,1,1,1,1,1,1,1,0,0,1,1,=,1,1,1,2,2,2,1,0,1,1,=,2,1,1,1,0,0,0,0,=,0,1,2,2,2,2,2,2
M,62,0,30.20,2.32,7.70,1.18,0,0,0,0,0.00,0,2,0,0,2.09,30.00,1.48,1.97,-1.06,0.12,1,2,1,1,1,1,1,0,0,0,1,1,2,1,2,2,0,0,1,2,2,2,1,1,0,0,0,0,1,1,1,1,1,2,1,2,2,2,2,1,0,0,1,1,1,1,1,0,1,1,2,2,2,2,0,0,1,1,1,1,1,1,2,2,1,1,1,1,1,0,0,0,0,0,0,0,1,1,1,1,2,0,0,0,0,0,2,2,2,1,0,0,1,0,0,0,2
F,63,0,23.20,1.83,7.90,1.35,0,0,0,0,0.00,0,3,0,0,1.89,25.00,1.40,1.72,-1.06,0.12,1,1,0,=,0,0,0,1,1,2,2,1,1,0,0,0,1,1,1,2,1,1,0,0,1,1,1,1,1,1,1,0,0,0,0,0,0,1,1,2,2,2,1,1,1,1,1,1,1,1,1,1,0,0,1,0,0,0,0,0,0,0,0,0,2,2,1,0,0,1,=,2,1,1,1,1,1,2,2,2,2,2,2,2,2,1,1,1,1,0,0,0,0,0,0,1,1
M,64,0,23.90,1.69,7.10,1.35,1,0,1,25,1.29,1,2,2,3,2.16,46.00,1.66,1.99,1.23,2.71,1,2,2,2,2,2,2,2,2,2,2,2,2,1,0,1,1,1,0,=,=,1,2,2,=,1,1,1,0,2,2,2,2,2,1,1,1,1,1,1,1,1,1,1,2,2,2,2,2,0,0,0,0,0,0,0,0,0,0,2,2,1,1,1,2,1,2,2,2,1,1,1,2,2,1,1,1,1,1,1,1,2,2,2,2,1,1,1,0,1,1,1,1,2,2,2,2
M,65,1,23.20,1.41,6.10,1.77,1,1,1,7,0.72,5,1,2,3,2.40,51.00,1.71,2.30,1.70,0.14,2,2,2,2,2,2,2,1,1,0,0,1,1,0,0,0,1,1,2,1,=,1,2,2,1,1,1,2,2,1,1,2,2,2,0,0,0,0,2,1,1,1,1,2,2,1,1,1,2,0,0,0,1,1,1,1,2,2,2,1,0,0,0,2,2,2,2,1,1,1,1,1,0,0,0,1,1,0,0,0,0,1,1,1,0,2,2,2,1,0,0,1,1,0,0,0,0
M,66,1,27.20,1.93,7.10,1.35,1,1,1,8,2.01,2,3,2,3,2.15,42.00,1.62,2.00,2.05,4.09,1,1,1,1,2,2,1,1,1,2,2,2,2,2,2,2,2,2,2,1,=,1,1,1,0,0,1,1,1,1,0,1,1,1,1,2,2,2,1,1,1,2,2,1,1,1,1,1,1,2,2,2,1,1,1,1,2,2,2,2,2,2,2,1,0,0,1,1,1,1,1,1,2,0,0,0,0,2,1,1,1,1,1,1,0,1,1,1,0,1,1,0,0,0,0,0,0
F,67,1,20.70,1.08,5.20,1.16,0,0,0,0,0.00,0,2,0,0,1.68,11.00,1.04,1.57,-1.06,0.12,1,1,2,2,2,2,2,1,1,1,1,1,1,0,0,0,2,2,2,2,1,0,0,0,1,2,2,2,2,2,2,2,2,1,1,1,1,1,2,2,2,2,2,1,1,1,1,1,1,1,1,0,0,0,1,0,2,2,2,2,2,1,0,0,2,2,2,1,1,2,1,1,0,0,1,1,1,1,1,1,2,=,2,2,2,1,1,1,1,1,1,1,1,1,1,1,2
M,68,1,21.80,1.72,7.90,1.14,1,0,1,6,0.78,3,1,2,3,2.74,20.00,1.30,2.73,1.28,0.90,0,0,0,2,1,1,1,0,1,2,2,2,1,1,1,0,0,0,1,2,=,2,0,0,2,2,2,1,1,1,=,1,1,2,0,1,1,1,1,1,1,1,1,1,0,0,0,1,2,1,1,1,1,1,1,1,1,1,1,1,1,1,2,2,2,2,1,0,0,1,1,1,1,1,1,1,1,1,1,1,1,0,0,0,2,2,2,1,0,0,0,1,1,0,0,2,2
M,69,1,21.10,1.56,7.40,0.85,1,0,1,4,1.98,0,0,2,3,2.04,46.00,1.66,1.81,1.56,4.64,1,1,0,0,0,0,0,0,0,1,1,0,0,1,1,0,0,0,0,0,0,0,1,2,0,1,1,1,1,2,1,0,0,0,2,2,2,2,2,0,0,1,1,1,1,1,1,1,1,1,1,1,0,1,2,2,1,1,1,1,=,1,1,1,2,2,2,1,1,2,2,2,0,0,0,0,0,=,0,0,0,0,0,0,0,0,0,0,0,2,1,0,0,0,0,0,2
F,70,1,21.10,1.36,6.40,0.92,0,0,0,0,0.00,0,2,0,0,2.00,38.00,1.58,1.80,-1.06,0.12,1,1,1,=,0,0,0,1,1,1,1,1,0,1,2,=,1,1,1,0,=,0,1,1,=,2,2,1,1,1,1,2,2,1,2,2,1,1,1,0,0,0,0,=,0,0,0,0,1,1,1,1,1,2,0,1,1,1,1,1,1,1,1,1,1,1,2,1,1,0,1,1,1,1,1,0,0,1,1,1,1,0,0,2,2,2,2,2,1,2,2,1,0,2,2,2,1
M,71,1,30.30,1.82,6.00,1.26,1,1,1,=,1.10,0,2,2,3,2.23,60.00,1.78,2.04,0.85,2.57,0,=,1,=,1,1,1,1,2,1,1,0,1,1,0,1,1,1,0,0,1,=,1,1,1,1,2,1,=,2,2,=,2,2,2,2,0,=,=,2,2,=,2,0,2,2,2,2,2,1,=,0,2,2,0,=,=,2,2,0,1,=,1,2,0,1,0,0,0,1,2,2,=,2,2,2,0,1,1,1,=,1,1,1,1,1,1,0,0,0,1,1,0,2,2,2,2
M,72,1,29.30,2.14,7.30,0.91,1,0,1,4,1.54,0,1,2,3,2.07,38.00,1.58,1.90,1.20,3.60,=,2,1,1,1,2,2,0,0,0,0,=,1,1,=,1,1,1,0,0,0,0,0,0,0,0,0,=,=,1,2,2,1,1,1,2,2,=,2,2,1,0,=,0,0,2,0,0,0,2,=,2,2,1,2,2,2,1,1,0,0,=,2,1,1,1,1,1,=,1,1,1,1,1,2,1,1,0,0,1,1,0,2,0,0,1,0,0,0,0,1,2,2,0,0,0,0
M,73,1,26.10,2.02,7.70,1.12,1,1,1,5,0.73,3,2,2,3,2.12,35.00,1.54,1.99,1.24,0.78,0,1,1,2,2,2,1,0,0,0,0,0,1,0,0,0,1,=,2,1,1,1,1,1,2,1,1,1,1,2,1,=,0,=,0,0,1,=,2,1,0,0,1,1,0,=,0,1,2,0,0,=,1,1,1,1,1,0,0,2,1,=,1,1,2,2,2,2,=,0,1,1,1,1,1,0,0,=,1,=,1,2,2,1,1,=,1,1,0,0,1,1,=,2,2,2,2
F,74,1,23.70,1.63,6.90,0.54,0,0,0,0,0.00,0,2,0,0,2.01,29.00,1.46,1.87,-1.06,0.12,2,0,0,0,1,1,1,2,2,2,2,1,1,1,1,1,1,0,2,2,1,1,1,1,1,2,2,2,2,1,1,=,1,1,2,2,2,2,2,1,1,1,1,1,1,1,1,1,2,1,2,1,2,2,1,1,1,2,2,1,2,2,1,1,1,1,0,0,1,0,0,0,2,1,1,1,1,1,1,1,1,1,1,1,1,2,2,2,2,1,2,2,2,2,2,2,2
F,75,1,19.30,1.22,7.30,1.22,0,0,0,0,0.00,0,2,0,0,1.94,28.00,1.45,1.78,-1.06,0.12,2,1,1,1,0,0,0,2,2,2,2,1,1,2,1,1,1,1,2,1,1,1,1,1,0,1,1,1,1,2,2,2,2,1,0,0,0,1,1,0,0,0,1,2,2,2,2,0,0,1,1,1,1,1,2,0,0,0,1,0,0,1,1,0,1,1,0,1,1,0,2,2,1,2,2,2,2,1,2,2,2,1,0,0,1,2,2,2,1,1,1,0,0,2,2,1,1
F,76,1,23.00,1.39,6.00,1.14,0,0,0,0,0.00,0,2,0,0,1.86,24.00,1.38,1.68,-1.06,0.12,1,2,2,2,2,2,2,1,1,1,1,1,0,2,1,=,1,1,2,2,=,2,1,0,2,2,1,1,1,1,1,1,1,1,2,2,2,2,2,1,2,2,0,0,1,1,1,2,1,1,1,1,1,2,1,0,1,1,1,1,1,1,1,1,0,0,1,2,2,0,0,1,2,1,1,1,1,1,0,0,0,1,2,2,1,1,1,0,0,1,1,1,1,2,2,2,2
M,77,1,25.80,1.28,5.00,1.29,0,0,0,0,0.00,0,2,0,0,2.12,43.00,1.63,1.94,-1.06,0.12,1,2,2,2,1,1,1,1,0,0,0,0,1,1,1,=,1,1,2,2,2,2,1,1,0,=,2,2,2,2,2,2,2,2,1,1,2,1,1,2,2,1,1,1,1,1,1,1,1,2,2,2,2,2,1,1,0,0,1,1,1,0,0,0,0,1,1,2,2,1,1,1,0,0,0,2,2,1,2,1,1,0,1,1,2,2,2,2,1,1,1,1,1,2,2,2,2
F,78,1,20.80,1.34,6.40,1.00,0,0,0,0,0.00,0,2,0,0,1.97,24.00,1.38,1.85,-1.06,0.12,1,1,1,0,1,1,1,1,1,2,2,2,1,1,0,=,1,2,2,2,2,2,1,1,1,2,2,2,2,1,1,2,2,2,1,1,1,1,2,0,0,0,0,0,0,0,0,0,0,0,0,0,0,1,1,1,1,1,1,0,0,1,2,2,2,2,2,1,1,0,1,1,0,0,0,0,0,1,1,1,0,2,2,2,0,2,2,1,0,0,0,0,1,1,1,1,1
F,79,1,20.70,1.55,7.50,1.28,0,0,0,0,0.00,0,2,0,0,2.10,40.00,1.60,1.93,-1.06,0.12,0,0,0,0,1,=,1,2,2,1,1,1,1,2,1,1,1,1,2,1,=,1,2,2,1,2,2,2,2,2,2,2,2,0,0,0,1,1,1,0,1,1,1,2,1,1,1,1,1,2,2,2,1,1,1,=,0,0,0,1,1,1,1,1,2,2,2,2,2,1,0,0,0,0,1,1,1,1,1,2,2,2,2,2,1,2,2,2,1,2,2,2,2,1,1,2,2
F,80,1,21.40,1.54,7.20,1.30,0,0,0,0,0.00,0,2,0,0,2.33,46.00,1.66,2.23,-1.06,0.12,1,1,1,0,0,=,0,2,2,1,1,1,1,2,1,1,0,=,1,1,=,1,2,2,0,0,1,1,1,0,1,1,1,0,0,0,0,0,0,1,1,2,2,2,1,1,1,1,1,0,0,0,0,0,0,0,=,0,0,2,2,1,1,0,2,2,1,1,1,1,0,0,1,1,2,2,2,0,0,1,1,0,0,1,1,1,1,1,1,2,=,1,1,1,1,1,1
M,81,1,26.90,1.89,7.00,0.85,1,0,1,4,0.63,2,2,2,3,2.36,91.00,1.96,2.13,0.93,0.85,1,2,1,1,1,1,1,1,1,1,1,1,1,1,1,1,1,2,0,0,=,1,1,1,1,1,2,2,2,0,0,0,0,1,1,1,0,0,0,1,1,1,1,1,1,1,1,1,1,0,0,0,1,2,1,1,0,0,1,1,1,1,1,=,1,1,1,1,1,2,2,2,1,0,0,0,0,2,2,2,1,1,2,2,1,0,0,0,1,1,1,1,0,2,2,0,0
M,82,1,27.70,1.97,7.10,1.10,1,1,1,5,0.60,1,1,2,3,2.44,88.00,1.94,2.27,0.68,1.09,1,0,0,0,0,0,0,1,1,1,1,1,1,2,2,2,1,0,2,1,0,0,0,0,1,1,2,2,2,1,1,1,1,1,1,2,1,1,1,1,1,1,1,2,1,1,1,1,0,2,2,2,1,0,1,1,0,1,1,0,0,0,1,1,0,0,1,1,1,1,2,2,1,2,2,1,1,0,0,0,1,2,2,2,2,1,1,1,1,2,1,1,1,0,0,0,2
M,83,1,25.00,1.67,6.70,0.90,1,0,1,15,0.70,5,1,2,3,2.31,65.00,1.81,2.14,1.68,0.09,0,2,1,1,1,1,2,1,1,2,2,2,2,=,0,1,1,=,=,0,1,1,1,1,2,1,1,0,=,1,2,2,2,2,2,0,0,=,2,1,1,=,2,2,1,=,1,1,1,2,2,2,2,2,0,=,=,1,0,0,0,=,0,0,1,2,1,1,1,2,0,0,=,1,1,1,1,0,=,0,1,2,2,2,1,1,1,1,0,2,2,2,2,0,=,2,2
F,84,1,21.30,1.21,5.70,0.87,0,0,0,0,0.00,0,2,0,0,1.89,21.00,1.32,1.75,-1.06,0.12,=,1,1,1,1,1,1,0,0,0,0,0,0,1,1,0,0,=,2,0,0,0,0,0,2,1,0,0,=,1,1,1,2,2,1,2,2,=,2,0,0,1,0,2,1,=,0,1,2,1,1,1,1,1,1,1,1,1,0,2,2,=,2,2,2,1,1,1,=,2,1,1,1,1,0,0,0,1,=,1,1,1,1,1,1,1,1,0,0,2,2,2,1,2,1,1,1
M,85,1,32.90,2.45,7.40,0.81,1,0,1,39,1.81,1,2,2,3,2.38,71.00,1.85,2.22,1.65,3.93,0,0,0,0,1,1,1,1,1,1,1,1,0,0,0,1,1,1,2,2,2,2,2,2,1,2,2,2,=,1,1,=,2,1,0,0,1,=,2,1,2,2,2,1,0,0,0,0,1,1,1,=,1,1,1,=,1,1,1,2,2,2,2,1,0,1,2,2,=,1,1,1,0,0,0,1,1,2,2,1,1,2,2,2,2,1,1,1,1,1,1,0,=,0,2,2,0
M,86,1,29.20,1.77,6.10,0.80,1,1,1,14,0.60,0,2,2,3,1.96,49.00,1.69,1.63,0.44,1.40,2,2,2,1,1,1,1,1,1,1,1,1,1,1,2,2,2,2,1,=,0,0,0,0,1,2,2,2,1,=,1,1,1,1,1,1,1,1,1,1,1,2,1,1,1,1,1,=,=,2,2,2,=,1,1,1,0,0,0,1,1,1,=,2,1,1,1,1,2,0,=,1,0,0,0,0,0,2,2,2,1,2,2,1,0,1,1,2,2,0,0,0,2,0,0,2,2
F,87,1,19.00,1.37,7.20,1.42,0,0,0,0,0.00,0,2,0,0,1.75,21.00,1.32,1.54,-1.06,0.12,0,1,1,1,0,0,1,0,0,1,1,1,2,0,0,0,1,1,1,1,1,1,1,1,2,1,1,1,1,0,1,1,1,2,0,0,0,0,0,2,2,2,1,1,0,0,0,0,1,0,=,1,1,0,1,1,1,1,1,1,1,1,1,2,2,2,2,1,1,2,2,2,0,0,0,1,1,0,0,0,0,0,0,0,2,1,1,1,1,1,1,0,0,2,2,2,2
F,88,1,20.60,1.46,7.10,1.13,1,1,1,4,1.04,0,3,2,3,2.32,32.00,1.51,2.25,0.80,2.43,2,1,1,1,1,1,1,2,1,1,1,1,1,2,1,1,2,=,1,1,=,1,1,0,1,1,1,1,1,1,1,1,0,1,2,2,2,1,1,1,1,1,1,1,0,1,1,1,2,1,1,1,1,0,1,2,2,2,2,1,1,1,2,2,0,2,1,1,1,2,2,2,1,1,1,1,1,1,0,0,0,0,0,1,1,0,0,0,0,2,2,2,0,1,1,1,1
F,89,1,22.20,1.42,6.40,1.22,0,0,0,0,0.00,0,2,0,0,2.00,31.00,1.49,1.84,-1.06,0.12,1,1,1,1,0,0,0,1,0,0,0,1,2,2,0,0,1,=,2,2,2,1,1,1,2,2,2,2,2,1,2,2,2,2,1,2,2,2,2,0,0,0,0,0,1,1,1,1,1,1,1,1,2,1,2,2,1,0,0,1,1,1,1,1,=,1,0,0,1,1,1,1,1,2,2,2,2,0,1,1,2,1,1,1,1,0,1,1,2,0,0,1,1,1,1,1,1
F,90,1,23.70,1.55,6.50,1.35,0,0,0,0,0.00,0,2,0,0,1.97,29.00,1.46,1.81,-1.06,0.12,2,1,1,0,1,1,1,1,1,1,1,1,1,1,1,=,1,=,1,2,2,2,2,2,0,0,0,1,1,1,0,0,0,0,1,2,2,1,0,1,1,0,1,2,2,1,1,0,0,1,1,0,1,1,2,2,2,2,2,1,1,2,2,2,2,2,1,1,1,0,0,1,1,1,1,1,1,1,0,0,0,2,2,1,1,0,0,0,0,1,1,1,2,2,2,2,2
M,91,1,29.40,1.70,5.80,1.06,0,0,0,0,0.00,0,2,0,0,2.08,38.00,1.58,1.92,-1.06,0.12,2,1,1,0,0,0,0,1,1,2,2,2,0,1,1,1,1,1,2,2,2,1,1,2,2,0,0,0,0,2,2,1,1,1,0,0,0,0,0,1,1,1,1,1,2,1,2,1,1,1,0,0,1,1,2,2,1,1,2,2,1,1,1,2,2,2,2,2,1,0,0,0,0,1,1,1,1,2,2,2,2,1,1,2,2,1,0,0,1,1,1,2,2,2,2,0,2
F,92,1,20.20,1.38,6.80,0.74,0,0,0,0,0.00,0,1,0,0,1.70,10.00,1.00,1.60,-1.06,0.12,1,1,1,1,2,2,2,1,1,=,1,2,2,1,1,1,2,2,2,2,=,1,1,1,1,1,1,=,1,=,0,0,1,1,1,1,1,1,2,1,0,1,1,1,0,=,0,0,1,1,2,2,2,0,2,=,2,0,0,2,2,2,2,1,1,1,0,1,1,2,0,0,0,0,0,0,0,2,2,2,1,=,1,1,2,2,2,2,2,2,2,1,1,1,1,1,2
M,93,1,27.90,1.45,5.20,1.44,1,0,1,1,0.49,3,1,2,3,2.26,62.00,1.79,2.07,1.05,0.22,0,0,1,1,1,1,1,0,0,=,1,2,2,1,1,2,0,0,1,2,2,2,2,2,1,2,2,2,2,2,2,2,2,0,0,1,1,1,1,0,0,0,0,1,2,2,2,2,2,1,0,0,0,1,1,1,2,1,1,0,0,0,0,0,1,1,1,1,1,0,1,1,1,1,0,0,0,2,1,0,0,0,1,1,1,2,1,1,1,1,0,0,0,0,0,0,2
F,94,1,22.60,1.67,7.40,1.19,0,0,0,0,0.00,0,0,0,0,1.90,31.00,1.49,1.69,-1.06,0.12,2,1,1,1,1,1,=,2,2,1,1,=,1,2,2,=,1,1,1,1,1,1,=,0,1,1,2,2,=,0,=,0,0,1,=,1,1,1,1,1,=,1,=,=,2,2,2,1,=,1,1,1,2,2,2,1,1,1,1,2,2,2,1,1,0,0,0,0,0,0,0,1,=,2,2,2,1,1,0,1,1,2,1,1,0,0,0,=,=,=,1,1,1,1,1,1,1
F,95,1,20.60,1.23,6.00,0.60,0,0,0,0,0.00,0,0,0,0,2.00,41.00,1.61,1.78,-1.06,0.12,1,1,1,1,1,1,1,0,0,0,0,1,1,0,1,1,0,0,1,1,1,2,2,2,1,0,0,0,=,=,2,2,2,2,0,0,0,0,=,2,=,2,1,=,2,1,1,=,2,2,2,2,1,1,1,1,2,2,2,2,2,1,=,1,2,2,1,0,0,0,0,0,1,1,0,0,0,2,2,2,2,1,1,0,1,=,1,=,1,1,1,0,0,2,2,2,2
M,96,1,22.50,1.53,6.80,1.97,1,1,1,1,0.46,4,2,2,3,2.46,61.00,1.79,2.35,1.25,-0.16,1,1,1,2,1,1,1,2,2,0,0,0,0,1,0,1,1,2,1,2,2,2,1,1,2,2,2,1,1,=,0,1,1,0,0,0,0,0,=,2,2,1,1,1,0,0,0,0,1,0,0,0,0,0,2,1,1,0,0,1,1,1,1,1,1,1,1,1,1,1,1,1,1,1,1,2,2,0,1,1,1,2,1,1,1,0,0,0,0,0,0,0,0,2,0,0,0
F,97,1,16.80,0.98,5.80,1.47,0,0,0,0,0.00,0,4,0,0,1.91,27.00,1.43,1.73,-1.06,0.12,0,0,0,0,0,0,1,0,0,2,2,2,2,1,2,1,0,0,1,1,1,1,1,1,2,2,1,1,1,1,1,1,1,1,0,0,1,1,1,1,1,1,2,1,2,2,2,2,0,1,1,1,1,1,1,1,1,1,1,1,1,2,1,1,1,1,1,1,1,1,0,0,0,0,0,0,0,2,2,2,1,2,1,0,1,1,1,1,1,1,1,0,0,2,1,1,1
F,98,1,24.80,1.62,6.50,1.00,1,0,1,1,0.40,1,2,2,3,2.07,21.00,1.32,1.99,0.51,0.62,1,0,0,0,2,2,2,2,1,0,0,0,0,0,1,1,2,2,2,2,2,2,2,2,1,1,2,2,2,=,1,1,1,1,1,1,1,1,=,1,1,1,1,2,1,1,1,0,1,1,1,1,1,2,0,1,1,1,1,1,1,2,2,1,1,1,1,1,1,1,1,1,1,1,1,1,1,2,2,2,2,0,1,1,1,1,1,0,1,1,1,1,1,2,1,1,1
F,99,1,20.00,1.09,5.50,1.27,0,0,0,0,0.00,0,4,0,0,2.03,36.00,1.56,1.85,-1.06,0.12,1,1,1,1,1,1,1,1,1,1,1,1,1,1,1,1,2,2,0,0,1,1,1,1,1,1,0,0,0,1,1,1,1,1,0,1,1,1,1,2,2,2,2,2,2,1,1,1,0,1,1,2,1,1,1,1,2,2,2,2,2,2,2,2,2,1,1,1,1,0,0,0,0,0,0,0,0,0,1,1,1,1,1,2,1,0,1,1,1,0,1,1,1,1,1,1,1
M,100,1,26.40,1.82,6.90,1.44,1,1,1,=,0.25,0,3,2,3,2.10,39.00,1.59,1.93,0.16,0.58,2,2,1,0,0,0,1,1,1,1,1,1,1,0,0,0,0,0,2,2,2,1,1,1,2,2,1,1,1,1,1,1,1,1,1,2,1,1,1,0,0,0,1,1,1,1,1,1,0,0,0,0,0,1,1,1,1,1,2,2,2,2,2,2,1,0,2,1,1,2,1,1,2,2,1,1,1,1,0,1,1,2,2,1,1,1,1,1,0,1,1,0,1,2,2,2,2
M,101,1,25.20,1.72,6.80,0.98,0,0,0,0,0.00,0,3,0,0,2.26,60.00,1.78,2.09,-1.06,0.12,0,=,1,1,1,1,1,0,0,0,0,2,2,1,2,2,2,1,0,1,1,1,1,1,1,1,0,0,1,1,1,0,0,1,1,1,0,0,0,0,1,1,1,1,0,0,0,=,0,0,0,0,1,=,1,1,1,1,1,0,0,0,0,1,1,1,1,1,1,1,1,1,1,1,1,1,1,2,2,2,2,1,1,2,1,1,1,0,0,1,1,1,1,2,2,2,2
F,102,1,18.00,1.14,6.30,0.30,0,0,0,0,0.00,0,0,0,0,1.57,11.00,1.04,1.42,-1.06,0.12,2,2,2,2,2,1,2,0,1,1,1,1,2,1,2,1,1,2,1,2,2,2,1,1,1,1,1,1,1,0,0,0,0,0,1,1,1,1,0,1,1,2,2,1,1,1,1,1,0,1,1,1,1,1,1,1,0,0,0,0,2,2,1,1,0,0,0,2,2,2,0,=,1,1,1,1,1,1,1,1,1,0,0,0,0,1,1,2,1,1,1,1,1,2,2,2,2
F,103,1,21.40,1.47,7.00,1.03,0,0,0,0,0.00,0,3,0,0,1.74,14.00,1.15,1.61,-1.06,0.12,2,1,1,1,=,2,2,=,1,2,=,1,0,0,=,0,1,1,2,2,2,2,1,=,1,1,1,1,1,0,2,2,2,1,0,1,0,2,=,0,0,1,1,2,0,0,=,1,=,=,1,1,1,=,2,1,1,2,2,1,1,1,1,2,1,0,1,1,1,0,0,0,0,0,0,0,1,0,0,0,0,0,1,1,2,2,2,2,2,2,2,2,1,1,1,2,2
F,104,1,20.80,1.32,6.30,0.48,0,0,0,0,0.00,0,4,0,0,1.92,35.00,1.54,1.69,-1.06,0.12,1,0,1,1,1,1,0,1,1,1,1,1,2,1,1,1,1,1,1,0,0,0,0,0,1,1,1,2,2,=,0,0,0,1,1,1,1,=,=,1,1,1,1,1,0,0,1,1,=,=,2,1,0,1,2,2,2,1,0,1,1,1,=,1,1,1,2,0,0,0,0,0,2,2,=,1,1,2,2,2,2,1,1,1,1,1,1,1,1,2,2,2,2,2,2,2,1
F,105,1,18.20,1.08,5.90,0.98,0,0,0,0,0.00,0,4,0,0,1.65,18.00,1.26,1.43,-1.06,0.12,1,2,2,2,2,2,2,0,0,1,1,1,0,0,1,1,1,1,0,0,1,1,1,1,0,1,1,1,2,2,1,1,1,1,0,1,0,0,0,2,2,1,1,1,1,1,1,1,1,0,0,1,1,1,0,0,1,2,2,0,1,1,1,1,1,1,1,0,0,1,0,0,1,2,2,2,1,2,0,0,0,2,2,1,1,1,1,1,1,1,0,0,0,1,1,1,2
M,106,1,24.90,1.82,7.30,1.49,0,0,0,0,0.00,0,4,0,0,2.27,50.00,1.70,2.13,-1.06,0.12,0,0,0,0,1,1,1,1,1,1,1,1,0,0,0,0,1,1,1,1,1,1,1,1,1,2,2,2,=,=,2,2,1,0,=,0,1,1,=,0,1,1,1,=,1,1,2,1,2,1,1,0,0,2,0,0,1,0,0,0,1,1,1,1,0,0,1,2,2,0,2,2,=,1,2,2,2,1,1,1,1,1,1,2,0,2,2,1,1,1,2,2,1,2,2,2,0
F,107,1,18.50,1.59,8.60,1.10,0,0,0,0,0.00,0,4,0,0,2.12,37.00,1.57,1.97,-1.06,0.12,1,1,1,0,0,0,0,0,0,0,0,0,2,1,1,1,1,2,=,1,2,2,2,2,2,=,1,1,1,0,0,0,0,=,0,1,0,0,0,1,1,1,0,0,0,0,0,1,1,0,0,0,1,1,0,0,=,0,1,1,1,1,1,0,1,1,1,1,1,2,1,2,1,1,1,2,1,0,0,0,2,1,1,1,1,=,2,2,1,0,0,2,2,1,1,1,2
F,108,1,15.80,1.02,6.50,0.91,0,0,0,0,0.00,0,1,0,0,2.12,=,0.95,2.09,-1.06,0.12,0,1,1,1,2,2,2,2,1,1,1,2,2,1,1,1,1,1,0,1,2,2,2,1,1,1,0,0,0,1,1,1,1,0,1,1,2,2,2,2,1,1,1,0,1,1,1,1,2,1,1,1,2,2,1,1,1,1,1,0,0,1,1,1,1,1,1,2,2,0,1,1,1,0,0,0,1,2,2,2,2,1,1,1,1,1,1,1,1,0,1,1,2,2,2,2,2
M,109,1,21.40,1.61,7.50,1.28,1,1,1,4,0.12,4,0,2,3,1.84,26.00,1.42,1.63,0.98,-0.96,2,1,1,1,0,0,0,2,2,2,2,1,1,1,1,1,1,1,0,0,0,0,1,1,0,1,1,0,0,0,0,0,0,0,1,2,2,2,2,2,2,2,2,2,2,2,2,2,2,1,2,2,2,1,1,2,2,1,1,1,1,2,1,1,1,1,1,1,1,1,2,1,1,1,1,1,1,2,2,2,1,2,2,0,1,1,0,0,0,2,2,2,1,2,0,0,0
M,110,1,26.80,1.76,6.60,1.33,1,1,1,6,0.32,5,0,2,3,2.16,43.00,1.63,2.00,1.37,-0.80,1,1,1,1,1,1,1,1,1,1,1,1,1,0,1,1,0,0,1,2,2,2,2,1,0,1,2,2,2,0,0,1,1,1,1,0,0,0,0,2,2,2,2,2,2,2,2,1,2,1,1,1,2,2,0,0,0,1,1,0,1,1,1,0,1,1,1,2,2,0,1,1,2,2,2,2,2,2,2,2,0,2,0,1,1,1,1,2,1,2,2,2,1,2,2,=,2
M,111,1,25.00,2.11,8.40,1.73,1,1,1,2,0.34,4,0,2,3,2.33,54.00,1.73,2.20,1.16,-0.44,0,0,0,0,0,0,1,2,1,1,1,1,1,0,1,2,2,2,0,0,2,2,2,2,1,0,0,0,0,1,0,1,1,1,1,1,1,1,2,2,2,2,2,0,1,2,2,1,1,2,2,1,1,0,0,0,1,2,1,=,2,2,1,1,1,1,1,2,2,0,1,=,2,2,2,2,1,1,1,0,0,0,0,0,1,1,=,2,2,0,0,0,0,0,0,0,0
F,112,1,20.20,1.09,5.40,1.14,0,0,0,0,0.00,0,3,0,0,2.05,46.00,1.66,1.81,-1.06,0.12,1,0,0,0,0,0,0,2,2,2,2,1,1,0,1,1,1,1,2,2,2,2,1,1,1,2,2,1,1,1,1,2,1,1,0,0,1,1,1,1,1,1,0,1,1,1,1,1,1,1,1,1,2,1,2,0,0,1,1,2,2,1,1,0,2,0,0,0,0,0,1,1,2,2,2,2,2,1,0,0,0,1,0,1,0,2,2,2,2,2,1,1,1,2,2,1,1
F,113,1,20.50,1.22,6.00,1.22,0,0,0,0,0.00,0,3,0,0,2.15,49.00,1.69,1.97,-1.06,0.12,1,0,0,0,=,1,1,2,=,1,1,1,2,1,1,2,=,1,1,0,0,0,2,2,1,0,0,1,1,0,1,2,2,2,1,1,1,1,1,0,0,0,0,2,1,1,2,1,0,1,0,0,1,2,1,1,1,0,1,0,0,0,0,0,1,1,1,1,1,0,1,1,1,1,1,1,1,1,0,0,0,1,1,1,1,2,2,1,0,1,1,1,2,1,1,2,2
F,114,1,21.10,1.20,5.70,1.02,1,0,1,2,0.33,1,2,2,3,2.10,27.00,1.43,2.00,0.46,0.46,1,0,0,0,1,1,1,2,2,0,0,0,0,0,0,0,2,2,1,1,1,1,1,1,1,2,1,1,1,1,1,0,0,0,2,1,1,1,2,0,1,2,2,1,1,1,1,1,1,1,1,1,1,1,1,1,1,1,0,0,0,1,1,1,1,1,1,1,1,1,1,1,1,1,0,1,2,1,0,0,0,1,1,1,1,1,2,2,2,2,2,2,0,1,2,2,2
F,115,1,20.10,1.17,5.80,0.85,1,1,1,1,0.47,3,3,2,3,2.07,24.00,1.38,1.97,1.03,0.17,1,1,1,1,=,1,1,=,0,1,=,=,1,2,=,2,1,1,1,1,1,0,1,=,2,2,1,1,1,1,1,1,1,1,2,2,2,2,1,2,2,1,=,1,1,1,=,=,=,=,1,1,1,=,1,1,1,1,1,1,1,1,=,1,1,0,2,2,2,1,1,1,0,1,=,1,1,0,1,1,1,0,0,0,1,1,1,0,0,2,2,1,0,2,1,1,1
M,116,1,=,1.40,=,0.88,1,1,1,1,0.21,2,3,2,3,2.20,50.00,1.70,2.03,0.59,-0.13,1,1,1,1,1,1,1,1,1,1,1,2,2,1,1,2,2,2,1,1,1,1,1,1,1,0,0,1,1,0,1,1,2,2,1,1,1,0,1,1,=,1,1,1,1,1,1,1,=,=,0,0,0,=,2,2,1,1,1,1,0,0,=,0,2,2,2,1,1,1,0,0,0,0,0,0,0,1,1,1,2,2,2,2,2,2,2,=,1,2,2,2,1,2,2,0,0
F,117,1,22.30,1.72,7.70,0.30,0,0,0,0,0.00,0,4,0,0,2.30,77.00,1.89,2.09,-1.06,0.12,1,0,0,0,0,=,0,2,1,0,0,0,1,0,0,1,1,1,0,0,0,0,1,1,2,2,1,1,1,2,1,1,1,1,1,2,2,2,2,2,2,1,1,0,0,0,0,2,2,0,0,1,1,2,1,=,1,1,1,=,1,2,2,2,2,1,1,1,1,1,1,=,1,2,2,2,1,2,2,2,2,2,2,2,=,2,=,2,1,0,0,0,1,1,2,=,2
F,118,1,20.70,2.15,10.40,1.45,0,0,0,0,0.00,0,1,0,0,2.49,43.00,1.63,2.43,-1.06,0.12,1,1,1,1,1,=,1,2,2,1,1,1,2,=,1,1,1,1,0,1,1,2,2,2,1,1,1,=,1,1,1,1,1,0,2,2,2,2,2,2,1,1,1,1,0,0,0,1,1,2,2,2,2,2,2,2,2,2,2,1,1,1,1,1,1,1,1,1,2,2,0,0,=,2,1,1,1,0,1,1,1,1,2,2,1,0,1,0,0,0,0,0,1,2,2,1,1
F,119,1,19.90,1.21,6.10,1.14,0,0,0,0,0.00,0,4,0,0,2.02,39.00,1.59,1.81,-1.06,0.12,1,1,1,1,1,1,2,1,2,2,2,2,1,1,1,1,1,1,1,1,1,1,2,2,1,0,0,1,=,0,0,2,2,1,0,1,0,0,0,1,1,1,1,=,1,2,2,2,2,1,1,1,1,1,1,1,1,1,1,1,0,0,0,1,2,2,2,2,2,2,1,1,1,0,1,1,1,1,2,2,1,0,0,0,1,0,0,0,0,1,0,0,0,1,2,=,2
F,120,1,18.50,1.17,6.30,1.00,0,0,0,0,0.00,0,0,0,0,2.02,14.00,1.15,1.95,-1.06,0.12,2,2,2,0,0,0,0,2,2,=,2,2,2,0,1,1,1,1,2,2,2,2,2,2,0,1,2,2,2,1,1,0,0,0,1,1,1,1,1,1,1,1,1,1,2,2,2,2,2,2,1,1,2,2,1,1,0,1,1,0,1,0,1,1,1,1,1,1,2,1,1,=,1,2,1,1,1,0,0,0,0,0,0,1,1,2,2,1,1,2,2,2,1,1,1,2,2
F,121,1,21.90,1.49,6.80,1.30,0,0,0,0,0.00,0,3,0,0,2.26,64.00,1.81,2.06,-1.06,0.12,1,1,1,1,1,1,1,2,2,1,1,1,1,1,1,2,2,2,0,0,1,1,2,2,2,2,2,2,1,1,2,2,2,1,0,1,0,1,1,1,1,1,1,1,1,1,1,=,2,1,1,1,1,2,=,0,1,2,2,0,1,1,1,1,0,0,1,1,1,0,1,1,1,2,2,2,2,1,1,2,2,1,1,0,0,0,0,0,0,1,0,0,0,1,=,1,1
F,122,1,20.10,1.54,7.70,1.10,0,0,0,0,0.00,0,3,0,0,2.12,10.00,1.00,2.08,-1.06,0.12,2,2,2,2,2,2,0,2,2,2,2,1,1,2,1,0,0,0,1,1,1,1,1,2,1,1,0,0,0,=,1,1,0,0,2,2,2,2,=,1,1,2,2,0,1,1,1,1,1,0,0,0,1,2,2,2,2,0,0,0,2,2,1,1,1,2,1,1,1,1,1,2,1,2,2,2,2,0,1,2,2,=,1,1,2,1,1,1,1,1,1,1,2,2,2,2,2
F,123,1,19.10,1.11,5.20,0.54,0,0,0,0,0.00,0,3,0,0,1.80,26.00,1.42,1.57,-1.06,0.12,2,2,2,1,1,1,1,1,1,0,0,0,1,1,1,2,1,1,2,1,1,1,1,1,2,2,2,2,1,0,2,2,2,1,1,1,1,1,1,1,1,1,1,1,1,1,1,1,1,0,0,0,0,0,0,0,1,2,2,1,0,0,0,0,1,1,0,1,1,1,2,2,0,0,0,0,0,1,1,1,0,2,2,0,1,0,0,0,1,1,1,1,0,1,1,1,1
F,124,1,20.40,1.30,6.40,1.22,1,0,1,2,0.29,0,3,2,3,1.93,24.00,1.38,1.79,0.19,0.67,2,2,2,1,0,0,0,1,1,1,1,1,1,1,1,1,1,1,1,1,1,1,1,1,1,1,0,0,0,1,1,0,0,0,1,1,0,0,1,0,0,0,0,1,1,1,1,1,1,0,0,1,1,1,1,2,1,1,1,1,1,1,0,0,2,2,2,0,0,0,1,1,1,1,1,1,1,0,1,1,1,0,0,0,1,2,1,1,0,0,1,1,1,1,1,1,1
M,125,1,28.10,1.50,5.30,0.34,0,0,0,0,0.00,0,3,0,0,2.07,27.00,1.43,1.95,-1.06,0.12,2,2,2,1,1,1,1,1,1,2,2,1,1,1,1,0,0,0,2,2,2,2,2,2,1,1,0,0,0,1,0,1,1,1,1,1,1,1,2,1,1,1,0,0,0,0,0,=,1,1,1,0,0,1,1,1,1,1,0,1,1,0,0,0,1,1,1,1,1,0,1,1,0,0,0,0,0,2,2,2,2,1,1,1,1,1,1,1,1,1,1,2,2,2,2,2,2
F,126,1,21.60,1.42,6.60,-0.30,0,0,0,0,0.00,0,0,0,0,1.88,23.00,1.36,1.72,-1.06,0.12,1,1,0,1,1,1,2,1,2,1,1,1,1,2,2,2,2,1,1,1,1,1,1,1,0,2,2,2,1,1,1,1,1,2,2,1,1,1,0,1,1,0,1,1,1,1,1,1,2,1,1,0,0,1,1,1,2,2,2,1,=,1,0,0,0,0,1,=,1,0,1,1,2,1,0,0,0,0,0,0,0,1,1,2,1,1,1,1,1,1,2,2,2,2,2,2,2
F,127,1,20.00,1.41,7.10,1.31,0,0,0,0,0.00,0,4,0,0,1.86,37.00,1.57,1.56,-1.06,0.12,2,1,1,1,1,1,1,1,1,1,=,1,1,0,1,1,1,1,0,0,0,0,0,0,1,1,1,0,0,0,1,1,1,0,2,2,2,2,2,0,0,1,1,0,1,1,1,0,1,2,2,2,1,1,0,1,1,2,2,1,0,0,0,0,2,2,2,1,1,0,2,1,0,0,0,=,0,1,2,2,1,1,0,0,1,0,0,0,1,1,1,1,1,1,2,2,1
M,128,1,28.20,1.79,6.30,1.30,0,0,0,0,0.00,0,3,0,0,2.12,50.00,1.70,1.92,-1.06,0.12,2,2,1,1,1,1,1,1,1,2,2,2,2,2,1,1,2,2,=,=,2,2,2,1,2,=,2,1,1,1,1,1,1,=,2,1,1,1,2,0,1,1,1,2,2,1,1,1,=,=,1,1,2,=,1,1,=,0,0,0,0,0,=,0,2,2,2,2,2,1,0,1,1,1,1,=,0,0,0,0,0,2,2,=,1,1,1,1,0,1,1,=,0,2,2,2,2
F,129,1,22.90,1.43,6.20,0.76,0,0,0,0,0.00,0,4,0,0,2.10,32.00,1.51,1.97,-1.06,0.12,1,1,1,1,2,2,2,0,0,0,0,0,1,0,0,0,0,0,1,1,1,1,2,2,1,1,2,2,2,2,0,0,0,0,2,1,0,=,0,0,0,0,0,0,2,2,2,=,2,1,1,1,1,1,0,0,0,0,0,0,=,1,1,1,1,1,0,=,0,2,2,2,1,1,1,2,2,2,2,1,1,1,1,1,1,1,1,1,1,1,1,1,1,1,1,1,1
F,130,1,20.10,1.32,6.60,1.27,0,0,0,0,0.00,0,3,0,0,2.06,16.00,1.20,1.99,-1.06,0.12,1,1,2,0,0,0,0,0,0,0,1,1,1,2,1,0,1,1,0,1,1,1,2,2,2,2,1,1,1,2,1,1,1,0,1,1,1,1,1,1,2,2,2,2,1,0,0,=,0,1,1,1,1,1,2,2,1,2,2,2,2,0,0,0,1,1,1,1,1,0,1,1,=,1,1,1,1,1,1,2,2,1,1,1,1,0,0,0,1,1,1,1,1,2,1,1,2
M,131,1,27.80,1.92,6.90,0.83,1,1,1,2,0.13,2,1,2,3,2.02,40.00,1.60,1.81,0.53,-0.32,1,0,0,0,1,1,1,2,2,1,1,1,2,2,2,0,0,0,0,1,1,1,1,1,0,0,1,1,1,0,0,1,1,1,2,1,1,1,1,2,2,2,2,1,2,2,2,1,1,1,1,1,2,2,0,2,2,1,0,2,2,1,1,1,2,2,2,0,0,2,1,1,0,1,1,1,1,1,1,1,0,2,2,2,1,1,1,1,1,2,2,2,1,2,2,2,2
F,132,1,23.10,1.65,7.10,1.48,0,0,0,0,0.00,0,3,0,0,2.19,62.00,1.79,1.96,-1.06,0.12,0,0,0,0,0,0,0,1,1,2,2,1,1,=,2,2,1,1,0,0,1,1,2,2,2,2,1,0,0,0,0,1,1,2,1,1,1,1,1,2,2,2,2,2,2,2,2,2,2,0,0,0,0,0,1,1,1,2,1,=,2,2,2,2,1,1,1,2,2,1,2,=,1,1,2,2,2,2,2,1,1,0,0,0,1,1,=,2,2,0,0,0,1,2,2,2,2
M,133,1,30.70,1.97,6.40,1.20,0,0,0,0,0.00,0,4,0,0,2.27,69.00,1.84,2.08,-1.06,0.12,1,0,1,1,2,2,2,1,1,1,1,1,0,2,2,0,0,0,1,0,0,0,0,0,1,2,2,2,2,0,2,2,2,1,1,0,2,2,2,2,2,2,1,1,0,0,0,0,0,0,0,0,0,0,1,0,2,2,2,1,=,1,=,=,1,1,=,0,0,1,=,1,1,1,1,1,1,2,1,0,0,1,=,1,1,2,2,2,=,0,1,2,2,0,=,=,2
M,134,1,31.70,1.67,5.30,1.49,1,1,1,3,0.44,3,2,2,3,2.18,49.00,1.69,2.01,1.01,0.10,1,1,1,0,0,0,0,1,1,1,1,1,2,=,2,2,2,2,0,1,1,=,1,1,1,1,1,1,1,1,0,1,1,1,0,1,0,1,1,1,1,1,1,0,0,1,1,1,1,1,1,2,2,1,1,=,1,1,0,0,1,0,0,2,1,1,=,1,1,1,0,=,2,2,2,2,2,0,0,0,1,2,2,0,1,2,1,1,1,1,1,1,1,0,0,0,0
M,135,1,30.20,1.88,6.20,0.70,0,0,0,0,0.00,0,4,0,0,2.21,62.00,1.79,2.00,-1.06,0.12,1,1,1,1,1,1,1,1,1,1,1,1,1,=,0,0,0,0,1,1,1,2,2,2,2,2,0,0,0,1,2,2,2,0,1,1,1,1,0,1,1,1,1,1,1,1,1,0,1,1,1,1,2,2,0,0,1,1,1,0,=,2,2,2,2,2,=,0,0,1,=,1,2,2,1,1,1,0,1,1,1,1,1,0,1,1,1,1,1,2,2,2,1,0,0,2,2
F,136,1,17.60,1.26,7.20,0.72,0,0,0,0,0.00,0,5,0,0,2.04,45.00,1.65,1.81,-1.06,0.12,1,1,1,2,2,2,1,1,1,2,1,1,1,=,2,2,1,1,2,2,1,1,1,1,0,0,1,1,1,1,1,1,1,0,1,1,0,0,1,2,=,1,0,0,1,1,0,0,0,1,1,1,1,0,0,0,0,0,2,1,=,1,0,=,2,2,2,=,0,0,2,2,1,1,1,1,1,2,1,=,1,2,1,1,2,1,1,1,1,0,0,1,2,1,1,1,2
F,137,1,21.80,1.36,6.20,1.48,0,0,0,0,0.00,0,4,0,0,2.32,53.00,1.72,2.19,-1.06,0.12,0,1,0,0,1,=,1,1,1,1,0,2,2,0,1,1,2,1,0,1,1,1,1,0,2,1,2,2,1,1,1,1,1,1,=,2,2,2,2,0,=,1,1,0,0,0,0,0,0,0,0,0,0,0,1,1,1,1,2,1,1,1,1,0,1,1,1,=,1,2,0,0,1,1,1,1,2,0,1,=,2,0,1,1,1,1,1,1,1,2,2,1,1,2,2,=,1
F,138,1,21.80,1.28,5.90,1.19,0,0,0,0,0.00,0,1,0,0,2.36,50.00,1.70,2.25,-1.06,0.12,1,1,1,1,1,2,2,1,1,1,1,2,1,1,0,1,1,1,1,1,1,1,1,1,1,1,2,2,2,1,2,2,1,1,0,2,2,2,2,1,1,=,1,0,1,1,0,=,0,0,0,0,0,1,1,1,1,1,1,1,1,1,=,2,1,1,1,1,1,1,1,1,2,2,2,1,=,0,0,0,1,1,1,1,1,1,0,0,0,1,1,2,2,2,2,2,2
F,139,1,19.70,1.07,5.40,-0.30,0,0,0,0,0.00,0,0,0,0,1.92,38.00,1.58,1.66,-1.06,0.12,2,2,2,2,=,0,0,1,=,2,2,1,0,1,1,1,=,1,2,1,1,1,1,1,0,0,1,1,2,0,0,2,2,2,1,1,2,1,1,1,1,2,2,1,1,1,1,=,2,0,0,0,0,1,2,2,2,2,2,0,0,0,=,1,2,2,1,0,0,1,1,=,1,1,0,0,0,2,0,0,1,1,1,2,2,1,=,0,0,2,2,2,1,2,2,2,=
F,140,1,19.30,1.32,6.80,1.39,0,0,0,0,0.00,0,4,0,0,1.83,23.00,1.36,1.65,-1.06,0.12,1,0,0,0,0,0,0,=,0,1,2,2,2,1,1,0,0,0,0,0,1,1,1,1,1,1,0,0,1,0,0,0,1,1,1,0,1,0,0,1,1,1,1,1,1,1,1,1,=,=,0,0,1,=,2,1,1,0,0,0,1,2,=,1,1,1,1,0,0,1,0,0,0,0,0,1,1,0,0,0,1,0,=,0,1,1,2,0,0,0,0,1,1,2,2,2,1
F,141,1,22.54,1.60,7.10,1.24,0,0,0,0,0.00,0,3,0,0,1.96,17.00,1.23,1.88,-1.06,0.12,1,0,1,1,2,2,2,1,1,1,1,1,1,1,1,1,1,1,1,2,2,=,0,0,1,1,2,2,0,1,2,2,2,2,1,1,1,0,0,2,2,1,1,1,1,1,1,0,2,1,1,2,2,2,1,1,1,1,1,=,=,2,1,1,1,1,1,=,1,2,2,2,1,2,2,2,2,0,0,0,0,1,1,2,=,0,=,0,0,1,1,1,1,1,1,1,1
M,142,1,27.40,1.86,6.80,1.33,1,1,1,6,0.39,4,1,2,3,2.48,87.00,1.94,2.34,1.20,-0.32,0,0,1,1,1,1,2,2,1,1,1,1,1,0,0,0,1,1,0,0,1,1,2,2,2,2,1,1,=,2,0,0,0,2,1,1,2,1,1,1,=,1,1,=,2,2,2,2,2,1,1,1,2,2,0,0,0,1,1,0,1,1,2,2,1,1,1,2,2,2,0,0,1,1,1,1,1,1,1,2,2,2,2,2,1,0,0,=,0,0,0,0,0,2,0,0,0
M,143,1,29.70,1.98,6.70,0.60,0,0,0,0,0.00,0,4,0,0,2.37,69.00,1.84,2.22,-1.06,0.12,1,1,1,1,1,1,1,0,0,1,1,1,2,0,0,1,1,2,2,2,2,1,1,1,0,1,2,2,=,0,=,2,1,1,2,1,1,2,1,0,=,1,1,=,1,1,1,0,0,0,0,0,0,0,1,1,1,1,1,1,1,1,2,2,2,2,1,1,1,2,2,1,2,2,1,1,1,2,2,1,1,1,2,2,2,2,1,=,0,2,1,1,0,2,0,0,0
M,144,1,26.10,1.53,5.90,0.54,0,0,0,0,0.00,0,0,0,0,2.34,60.00,1.78,2.21,-1.06,0.12,1,1,1,0,0,0,0,0,0,1,1,0,0,2,2,2,2,2,1,1,1,1,1,1,1,2,2,2,2,2,2,2,2,2,0,2,2,2,2,1,0,0,0,1,1,1,1,1,2,0,0,1,1,1,0,1,1,1,2,0,0,0,1,1,1,1,1,1,1,2,2,1,0,0,0,0,0,1,1,1,1,2,2,2,1,1,1,1,1,0,0,1,1,2,2,2,2
F,145,1,18.70,1.29,6.90,1.39,0,0,0,0,0.00,0,1,0,0,2.24,14.00,1.15,2.21,-1.06,0.12,2,2,2,1,1,1,1,1,2,2,2,1,1,1,1,1,1,1,2,2,1,1,1,0,0,1,2,2,2,1,0,1,1,1,0,1,0,2,2,1,1,2,1,1,2,2,2,2,2,1,1,1,1,1,1,2,2,1,1,1,1,1,1,0,1,1,2,2,2,1,0,0,2,2,2,2,2,1,1,1,2,0,0,0,1,1,1,1,1,1,1,0,0,1,1,1,2
F,146,1,18.20,1.11,6.10,1.31,1,1,1,1,0.38,3,2,2,3,2.00,19.00,1.28,1.91,0.96,-0.04,0,1,1,1,0,=,0,1,1,1,0,0,1,0,1,1,1,1,2,0,0,0,0,0,0,0,1,1,2,0,1,1,2,1,1,1,1,2,2,2,2,2,2,1,0,0,1,=,1,2,2,2,1,1,0,1,1,1,1,1,1,1,0,0,0,0,0,1,1,0,=,2,1,1,1,1,1,1,1,1,2,1,1,0,1,1,0,0,0,2,1,1,1,2,2,2,=
F,147,1,22.40,1.50,6.70,1.47,0,0,0,0,0.00,0,4,0,0,2.04,11.00,1.04,1.99,-1.06,0.12,1,0,0,0,0,0,0,2,2,2,2,1,1,1,1,1,1,1,1,2,2,2,2,2,1,1,1,1,0,0,1,0,0,0,1,1,2,2,2,0,0,0,0,0,2,2,2,2,2,1,1,1,0,1,1,1,2,1,0,1,1,2,2,2,0,0,0,0,0,1,1,1,2,2,2,2,0,0,1,1,1,1,2,2,1,1,0,0,1,1,1,1,1,1,1,1,1
F,148,1,19.00,1.11,5.80,1.26,0,0,0,0,0.00,0,3,0,0,2.04,16.00,1.20,1.97,-1.06,0.12,1,2,2,2,2,2,2,0,1,1,1,1,1,1,2,2,2,2,2,2,2,2,2,1,1,1,1,1,1,2,1,1,1,1,2,1,1,1,1,1,1,1,1,0,0,0,0,0,1,0,0,0,1,1,2,2,2,2,2,0,0,0,0,0,1,1,1,1,1,2,2,1,1,1,0,0,0,0,0,0,0,1,1,2,1,1,2,2,2,1,0,0,1,1,1,1,1
F,149,1,19.00,1.48,7.80,1.41,0,0,0,0,0.00,0,3,0,0,2.30,10.00,1.00,2.28,-1.06,0.12,1,1,1,1,2,2,1,1,2,1,1,1,2,0,1,2,2,2,1,1,1,1,2,2,1,1,2,2,2,1,2,2,2,1,2,1,0,0,0,1,0,0,1,0,0,0,0,1,1,2,2,2,1,1,1,1,1,0,0,0,0,0,0,0,0,0,0,1,1,0,0,0,1,1,1,1,1,2,2,2,2,2,2,1,1,1,1,0,0,0,1,1,2,2,2,2,2
M,150,1,27.80,1.77,6.40,1.10,1,0,1,5,0.30,4,1,2,3,2.23,52.00,1.72,2.07,1.13,-0.54,0,0,0,1,1,1,0,1,1,1,1,1,1,2,1,1,1,1,1,1,1,1,1,1,1,1,1,1,1,2,1,1,1,2,=,1,1,1,1,1,1,1,1,0,0,0,0,1,2,1,1,2,2,2,1,1,1,0,1,1,1,1,1,2,0,1,1,2,2,1,0,0,1,1,0,0,0,2,2,2,1,1,1,1,1,2,2,2,2,2,1,0,0,2,2,0,0
F,151,1,22.40,1.42,6.30,0.70,1,0,1,3,0.13,5,2,2,3,2.07,32.00,1.51,1.93,1.22,-1.24,1,1,1,2,1,1,1,1,1,1,1,1,1,1,2,2,2,1,1,1,1,1,0,1,1,0,1,1,2,0,0,1,1,0,1,1,2,2,2,2,2,2,2,2,0,0,0,0,1,1,1,2,2,2,1,1,2,2,1,0,0,0,1,2,0,0,2,2,2,0,1,2,0,0,1,1,1,2,1,1,2,2,2,2,0,1,=,1,1,1,1,1,1,2,2,1,1
F,152,1,23.00,1.55,6.70,1.30,0,0,0,0,0.00,0,3,0,0,1.85,23.00,1.36,1.68,-1.06,0.12,0,0,1,1,1,1,1,=,1,1,1,0,1,1,=,2,2,2,=,=,0,0,1,=,0,=,0,0,0,0,0,1,1,=,0,1,1,1,1,1,1,2,2,1,1,1,1,1,=,=,1,1,0,=,2,=,=,=,0,1,1,1,=,0,2,0,1,1,1,1,1,1,2,1,1,1,1,2,1,1,1,0,=,0,2,2,2,2,2,1,1,1,1,1,2,=,2
M,153,1,26.10,1.61,6.20,0.89,0,0,0,0,0.00,0,1,0,0,2.17,62.00,1.79,1.93,-1.06,0.12,1,0,1,1,1,1,1,0,0,1,1,1,0,0,0,1,1,1,0,0,0,0,0,0,1,0,0,1,1,0,0,1,1,2,0,2,2,=,2,2,2,2,2,2,2,2,2,1,1,2,2,1,0,1,1,1,1,1,2,2,=,0,0,0,1,1,0,=,1,0,0,0,0,0,0,1,1,1,1,2,1,2,2,2,1,2,2,1,0,1,1,1,1,2,2,2,0
M,154,1,30.00,2.29,7.60,0.62,0,0,0,0,0.00,0,4,0,0,2.19,69.00,1.84,1.93,-1.06,0.12,2,=,2,2,2,2,2,1,1,1,1,1,2,2,0,0,0,0,1,1,1,0,0,0,2,2,1,1,=,0,0,1,1,0,=,1,0,1,1,2,1,1,1,=,0,0,1,1,1,1,1,1,1,1,1,2,1,0,0,0,0,0,1,1,2,2,2,1,1,1,2,1,1,1,0,0,0,1,1,2,2,1,1,1,2,1,1,2,2,1,1,1,1,0,0,0,0
F,155,1,19.00,1.32,6.90,1.59,0,0,0,0,0.00,0,5,0,0,2.00,19.00,1.28,1.91,-1.06,0.12,1,1,1,1,=,1,0,2,1,1,1,1,0,1,1,1,1,1,0,0,0,0,1,1,1,1,1,1,0,1,0,0,0,1,2,2,1,1,1,1,1,1,1,2,0,0,1,2,1,0,0,0,0,0,2,1,0,0,0,1,1,1,1,1,1,1,1,2,2,0,1,1,1,0,0,0,1,0,0,0,1,2,1,1,1,1,1,1,1,1,1,1,2,1,1,1,1
F,156,1,23.80,1.60,6.70,0.83,1,0,1,1,0.25,0,3,2,3,1.98,34.00,1.53,1.79,0.16,0.58,0,0,0,0,1,0,1,1,1,0,0,0,1,1,1,1,2,2,2,1,1,1,0,0,1,2,1,1,1,1,1,1,1,1,1,1,1,1,=,0,0,0,0,1,1,1,1,1,1,1,1,1,1,1,1,1,1,0,0,=,1,1,0,0,1,1,1,1,1,2,2,=,2,2,2,2,2,0,1,1,2,1,1,2,1,1,=,0,0,2,1,1,1,2,2,2,2
F,157,1,18.40,1.18,6.40,1.09,0,0,0,0,0.00,0,3,0,0,2.00,46.00,1.66,1.73,-1.06,0.12,2,2,2,2,2,2,1,1,1,1,1,1,2,0,0,0,1,1,0,1,1,1,1,1,2,2,2,2,2,=,2,2,2,2,1,1,1,0,=,1,=,1,1,0,2,1,1,1,0,1,1,1,0,1,0,0,0,0,0,0,0,0,1,1,0,0,1,1,1,2,2,2,2,2,2,1,1,1,1,1,2,1,1,1,1,1,1,1,1,0,0,0,1,1,1,1,1
M,158,1,21.50,1.29,6.00,0.98,1,0,1,3,0.18,3,1,2,3,2.29,33.00,1.52,2.21,0.80,-0.51,0,1,2,2,2,=,1,1,1,1,0,0,0,2,2,2,2,2,1,1,1,1,2,2,1,1,2,2,2,=,0,0,1,1,1,1,2,1,=,2,2,2,2,1,2,2,2,1,2,0,0,0,1,1,2,2,2,2,2,=,1,1,1,1,1,1,1,0,0,1,0,=,0,0,0,1,1,1,0,1,1,0,0,0,0,2,=,2,2,0,1,1,1,0,0,0,0
M,159,1,23.30,1.39,6.00,1.34,1,1,1,3,0.14,4,2,2,3,2.10,47.00,1.67,1.90,1.00,-0.91,1,1,1,0,0,=,0,1,1,1,1,1,1,0,0,1,1,1,1,1,1,1,1,1,1,0,0,0,2,=,1,1,1,1,1,1,1,1,0,2,2,2,2,2,1,1,1,1,0,1,1,1,0,0,2,2,1,=,2,1,1,1,1,2,1,1,1,2,2,0,1,1,0,1,2,1,1,0,0,1,1,2,1,1,1,2,2,2,1,2,1,1,0,2,2,0,0
M,160,1,27.00,1.87,6.90,1.47,1,0,1,3,0.29,3,1,2,3,2.15,44.00,1.64,1.98,0.89,-0.25,1,1,1,1,0,0,0,2,2,1,1,1,2,2,2,2,1,1,1,0,0,1,1,1,1,1,2,2,2,1,1,1,1,1,2,1,1,1,1,1,=,2,2,1,1,1,1,=,0,1,1,2,2,2,1,1,1,1,1,1,1,1,2,2,0,0,0,0,0,2,2,0,1,2,2,1,1,0,0,0,0,1,0,0,1,1,1,=,2,0,0,1,1,0,0,0,2
M,161,1,26.50,1.79,6.80,1.25,1,1,1,1,0.27,4,1,2,3,2.29,32.00,1.51,2.21,1.10,-0.61,0,1,1,1,1,=,1,2,2,1,1,0,0,2,1,1,1,1,1,1,1,1,1,1,1,1,1,1,0,1,2,1,1,1,2,2,2,2,2,1,1,1,1,1,1,1,0,0,0,1,1,1,0,1,0,0,0,0,0,1,1,1,1,1,0,0,0,2,2,1,1,1,1,1,0,0,0,0,0,0,2,1,2,2,1,1,1,1,1,0,1,1,1,2,2,0,2
M,162,1,21.60,1.19,5.50,1.52,1,1,1,=,0.19,4,1,2,3,2.11,5.00,0.70,2.09,1.04,-0.79,1,1,2,2,2,=,2,2,2,2,1,1,1,1,1,1,1,1,0,1,1,1,=,1,0,1,1,1,2,2,0,0,0,0,1,1,2,1,2,0,=,2,2,2,2,2,2,2,2,0,0,0,1,1,2,2,0,1,1,2,2,2,1,1,1,1,1,1,1,1,2,1,2,2,2,2,2,2,2,2,1,1,2,2,1,1,1,=,2,=,1,1,1,0,2,2,2
M,163,1,28.30,1.85,6.40,1.53,1,1,1,1,0.41,4,2,2,3,2.09,34.00,1.53,1.95,1.21,-0.28,1,2,1,1,2,2,2,1,1,0,0,0,1,0,1,1,1,0,0,0,0,0,0,0,1,1,1,1,1,1,1,1,1,1,0,1,0,1,1,1,=,1,1,1,1,1,1,1,2,1,1,2,2,2,0,0,1,2,2,=,1,2,1,1,1,1,0,0,1,2,0,=,2,2,2,2,2,1,1,2,2,1,1,0,2,=,=,=,0,0,0,1,1,0,0,0,0
M,164,1,29.40,1.77,6.00,1.17,1,0,1,2,0.13,3,3,2,3,2.24,53.00,1.72,2.08,0.76,-0.63,1,0,0,1,1,1,1,=,1,0,=,1,1,2,2,2,2,2,0,0,0,0,1,=,2,2,2,2,2,1,1,1,1,1,1,1,1,1,1,1,1,0,0,0,1,1,0,0,=,=,0,0,1,=,1,0,0,=,2,1,1,1,=,1,1,0,1,0,0,1,0,0,1,0,=,0,0,1,1,2,2,1,=,1,1,2,2,1,1,2,2,1,1,0,0,0,2
M,165,1,25.70,1.47,5.70,1.21,1,1,1,3,0.17,3,3,2,3,2.18,39.00,1.59,2.05,0.79,-0.53,1,1,2,2,2,2,2,1,1,0,0,1,1,1,1,2,1,1,0,0,=,0,0,0,1,1,1,1,1,2,0,0,0,2,1,1,1,=,1,1,1,2,2,2,=,2,2,0,0,2,2,2,0,1,2,2,0,0,=,1,=,1,2,2,0,0,1,=,1,1,1,1,2,2,2,2,2,1,1,1,1,1,0,1,0,0,0,1,1,0,1,2,2,0,0,2,2
M,166,1,26.70,1.26,4.70,1.47,1,1,1,3,0.32,3,3,2,3,2.07,38.00,1.58,1.90,0.91,-0.18,0,0,1,1,1,1,0,=,0,=,0,0,0,=,1,1,1,0,2,1,0,0,1,1,2,1,0,0,=,1,=,1,1,1,=,1,0,1,=,0,=,0,1,=,2,2,2,1,2,1,1,1,1,2,0,0,0,1,1,2,2,1,1,0,0,1,1,1,0,1,1,1,=,1,1,1,1,2,0,0,1,1,=,0,1,=,2,=,1,1,1,2,2,2,=,2,2
M,167,0,30.50,2.09,6.80,0.30,1,0,1,2,0.17,1,0,2,3,2.23,75.00,1.88,1.97,0.33,0.08,2,2,1,1,1,1,1,1,1,1,1,1,1,0,2,2,2,2,0,0,1,1,0,0,1,1,2,1,1,=,2,1,1,1,1,1,0,0,=,1,1,1,1,0,2,2,1,1,1,2,1,1,2,1,2,=,2,2,2,1,1,0,0,1,1,2,2,1,1,1,1,1,2,2,1,1,1,2,2,2,2,1,1,2,1,1,1,1,2,2,2,2,1,0,0,=,0
M,168,0,27.60,1.85,6.70,0.85,1,0,1,4,0.16,0,4,2,3,2.09,50.00,1.70,1.86,0.09,0.37,1,1,1,1,2,2,2,2,2,1,1,1,1,=,1,2,2,2,1,2,2,2,2,1,1,1,0,0,2,=,1,1,1,1,1,2,1,1,0,1,1,1,1,1,1,1,1,0,0,0,0,0,0,0,2,2,1,1,1,1,1,1,2,1,1,0,1,1,1,1,1,1,1,1,1,1,1,1,2,2,1,1,1,2,1,=,2,1,1,0,0,1,1,2,2,2,2
M,169,0,28.10,2.39,8.50,0.88,1,0,1,5,0.40,2,2,2,3,2.38,49.00,1.69,2.28,0.74,0.32,1,2,2,2,1,1,1,2,2,2,2,1,0,1,1,1,1,1,2,1,1,1,2,2,2,0,0,0,1,2,2,2,2,1,2,2,2,1,0,1,2,2,2,1,1,1,1,2,2,1,1,0,1,1,0,1,1,1,1,1,1,1,1,1,0,0,1,2,2,0,1,1,1,1,1,1,2,0,0,1,1,0,=,0,0,2,2,1,1,1,0,0,0,2,2,2,2
M,170,0,28.80,1.52,5.30,0.20,1,1,1,1,0.30,4,1,2,3,2.18,55.00,1.74,1.99,1.13,-0.54,1,0,0,0,1,1,1,0,0,2,2,2,1,0,1,1,2,2,1,1,1,1,1,1,1,1,1,1,1,1,0,1,1,2,0,0,0,0,0,0,0,1,1,1,1,1,1,0,0,1,1,1,1,1,0,1,1,1,1,2,2,2,2,2,1,1,2,2,2,0,0,1,0,0,0,0,0,1,1,1,1,1,1,1,2,1,1,1,2,1,1,1,1,0,0,0,2
M,171,0,25.00,1.88,7.30,0.78,1,1,1,4,0.47,4,1,2,3,2.37,65.00,1.81,2.22,1.26,-0.14,2,2,2,2,1,1,1,1,1,2,2,2,1,1,1,2,2,2,1,1,2,2,2,2,1,1,0,0,0,0,2,1,1,0,=,1,1,1,1,0,1,1,1,1,=,1,1,1,1,1,1,1,1,1,1,0,0,0,1,1,1,1,2,2,0,=,1,1,1,2,0,1,1,0,0,1,1,1,1,1,1,1,1,1,1,1,0,0,0,1,2,2,1,2,2,2,2
M,172,0,21.20,1.26,5.90,1.40,1,1,1,=,0.23,2,2,2,3,1.90,29.00,1.46,1.71,0.61,-0.08,2,2,2,2,1,1,1,1,1,1,1,1,0,1,2,2,1,1,1,1,1,1,2,2,0,0,0,1,2,2,1,1,1,0,2,2,2,2,1,2,2,2,2,1,1,1,1,1,1,2,2,2,1,2,2,2,1,1,0,1,1,0,0,0,1,1,1,2,2,2,=,2,2,2,2,2,2,1,2,2,2,2,2,0,1,1,1,1,1,2,1,1,1,2,=,0,0
M,173,0,28.20,1.90,6.70,0.93,1,1,1,1,0.31,1,2,2,3,2.23,56.00,1.75,2.05,0.44,0.41,0,1,1,1,2,2,2,1,1,1,2,2,2,2,2,2,1,1,1,1,1,1,2,2,0,0,0,0,0,1,2,2,1,0,2,1,1,2,2,1,0,0,1,1,=,2,2,2,=,1,1,1,1,1,1,0,0,1,2,1,1,0,0,0,0,1,2,1,1,1,1,1,2,2,2,2,2,2,1,1,1,1,2,2,1,1,1,1,2,2,1,1,1,0,0,0,2
M,174,0,25.10,1.76,7.00,1.69,1,1,1,1,0.47,3,2,2,3,2.11,26.00,1.42,2.01,1.03,0.17,2,1,1,1,2,2,2,1,1,1,1,1,0,0,0,0,0,0,2,1,1,1,1,1,0,0,1,1,0,2,1,1,1,1,0,1,0,0,0,1,1,2,2,2,1,1,1,1,1,0,0,0,1,1,1,1,2,2,2,1,1,1,1,1,0,0,1,=,1,1,2,2,1,0,1,1,1,0,1,1,1,1,1,0,1,0,1,1,1,1,0,0,1,0,=,0,0
M,175,0,27.60,1.67,6.10,1.20,1,1,1,20,0.44,2,2,2,3,1.98,19.00,1.28,1.88,0.78,0.41,0,1,2,2,1,1,1,2,2,1,1,1,2,1,1,1,0,0,2,2,2,2,2,1,0,1,1,1,1,1,1,1,1,1,2,1,1,1,1,1,0,0,0,0,0,0,0,1,2,1,1,1,0,0,1,1,1,1,2,1,2,2,2,1,0,0,0,0,0,2,1,0,1,1,1,2,2,1,1,2,2,1,1,1,1,1,1,1,0,1,2,1,1,0,0,0,0
F,176,0,25.40,1.98,7.80,1.12,1,1,1,1,0.26,2,3,2,3,2.08,46.00,1.66,1.86,0.63,-0.01,2,2,2,1,=,1,1,=,1,1,=,=,2,2,1,2,1,1,0,0,0,0,0,=,1,1,1,1,1,2,1,1,1,1,1,1,2,2,2,2,2,2,2,1,0,0,0,1,=,=,0,0,1,0,0,1,1,1,0,2,2,2,=,1,1,=,0,2,2,2,0,0,2,2,=,2,2,1,1,1,2,1,1,1,1,0,1,1,1,1,2,2,1,0,0,0,0
M,177,0,30.80,1.91,6.20,1.27,1,0,1,3,0.30,1,3,2,3,2.11,46.00,1.66,1.91,0.43,0.39,1,0,1,1,1,1,0,0,0,0,0,1,1,1,1,1,1,1,1,1,1,1,1,1,1,1,2,2,2,0,2,1,1,1,0,2,2,=,0,0,0,0,1,2,1,1,1,1,1,1,1,1,1,1,1,1,1,0,0,1,=,1,=,1,1,1,1,=,2,0,2,2,2,2,2,2,2,1,1,2,2,0,1,2,1,0,0,0,0,1,0,0,0,2,2,0,0
M,178,0,26.20,1.74,6.60,0.78,1,1,1,6,0.25,3,1,2,3,2.06,27.00,1.43,1.94,0.85,-0.34,1,2,2,2,2,2,2,0,0,0,0,0,2,1,1,1,1,1,=,=,1,1,1,1,1,=,1,2,2,2,2,2,2,=,1,1,1,1,1,2,2,1,0,0,1,1,1,2,1,1,1,1,0,0,0,0,=,0,0,1,1,1,1,1,2,2,1,1,1,0,0,0,1,2,2,2,2,0,0,0,0,0,0,0,2,1,0,1,1,1,0,0,1,0,0,0,0
M,179,0,25.80,2.03,7.90,1.31,1,1,1,5,0.27,4,1,2,3,2.04,49.00,1.69,1.78,1.10,-0.61,1,0,0,0,0,0,1,0,0,0,0,0,1,1,2,2,1,1,=,1,0,0,0,0,0,1,1,1,1,1,0,1,1,1,1,1,1,1,1,2,0,0,0,1,1,1,0,0,0,1,1,0,0,1,1,1,2,2,2,2,2,1,0,0,1,2,1,1,1,2,1,2,1,1,1,1,0,1,0,1,1,1,1,1,1,1,0,0,0,1,1,0,0,2,2,2,2
M,180,0,28.20,1.89,6.70,1.49,1,1,1,5,0.41,3,2,2,3,2.14,52.00,1.72,1.94,0.98,0.03,2,1,1,1,1,1,0,2,1,1,1,1,0,2,1,1,1,1,1,1,2,2,2,2,1,0,0,0,1,0,1,1,1,2,1,1,1,0,1,1,1,1,1,1,1,0,0,0,1,2,2,2,2,0,0,1,2,2,2,1,2,2,2,2,0,0,0,0,0,1,1,1,1,1,1,0,0,1,1,1,1,0,0,0,1,2,2,2,2,1,0,1,1,2,2,2,2
M,181,0,25.80,1.49,5.80,0.69,1,1,1,4,0.16,4,1,2,3,1.97,36.00,1.56,1.76,1.01,-0.86,2,1,1,1,0,1,2,1,1,2,2,1,1,0,1,1,2,2,2,1,1,1,0,0,1,1,1,1,=,1,0,0,0,1,2,2,1,2,=,2,2,1,1,1,1,1,1,1,2,0,1,1,2,2,1,1,1,2,1,1,1,1,2,1,1,1,2,2,2,1,0,0,2,1,0,0,0,1,2,2,2,1,=,1,1,1,1,0,0,1,1,1,1,2,2,0,0
M,182,0,25.20,1.42,5.60,1.20,1,1,1,12,0.44,4,1,2,3,1.97,39.00,1.59,1.73,1.24,-0.21,0,2,2,2,2,2,2,0,0,0,1,1,1,0,0,0,1,1,2,1,1,1,1,1,1,1,1,1,2,=,0,0,1,2,1,1,1,1,1,1,1,0,0,0,2,2,2,2,0,0,1,1,1,1,0,1,2,2,2,0,0,0,0,0,=,1,2,2,2,0,1,1,1,1,2,1,1,2,2,1,1,2,1,1,1,0,0,0,0,1,1,1,2,2,2,0,0
M,183,0,28.50,1.36,4.80,0.89,1,1,1,3,0.28,5,0,2,3,2.19,36.00,1.56,2.07,1.34,-0.89,0,0,1,1,2,2,2,2,2,1,1,1,1,=,1,2,2,1,2,2,2,2,2,2,1,1,2,1,2,0,1,1,1,1,2,2,2,2,=,0,0,0,0,0,1,1,1,1,0,2,2,2,2,1,2,1,1,1,1,0,1,1,1,1,2,1,1,1,0,0,1,1,0,0,1,1,1,1,1,1,1,1,1,2,1,0,0,0,0,1,1,1,1,0,0,0,2
F,184,0,23.70,1.75,7.40,0.76,1,0,1,1,0.20,0,2,2,3,2.16,28.00,1.45,2.06,0.12,0.46,1,1,1,0,0,1,1,2,1,1,1,1,2,2,2,2,2,2,2,1,1,1,1,1,2,2,2,1,1,1,0,1,1,0,1,1,1,1,1,0,1,1,1,1,1,1,1,0,1,2,2,1,1,1,1,1,1,0,0,1,1,1,1,1,=,1,0,0,0,1,1,1,1,1,1,2,2,0,1,1,2,1,1,1,1,0,0,1,1,2,2,2,1,0,0,0,0
M,185,0,25.50,1.52,6.00,1.35,1,1,1,3,0.25,4,2,2,3,2.23,26.00,1.42,2.16,1.08,-0.65,2,1,1,1,2,2,2,2,2,0,0,0,=,2,2,2,2,2,2,2,2,1,0,0,1,1,1,1,1,0,0,0,1,1,0,1,0,0,0,1,2,2,2,2,1,1,1,1,1,0,0,0,0,0,1,1,1,0,0,1,=,1,1,1,0,1,2,2,2,2,1,1,0,1,1,1,0,1,0,0,0,1,1,1,1,1,1,1,1,1,1,1,0,0,=,0,0
M,186,0,24.20,1.70,7.20,1.60,1,1,1,2,0.29,4,3,2,3,2.15,49.00,1.69,1.97,1.12,-0.56,1,1,1,0,0,0,0,0,1,1,1,1,1,0,0,1,1,1,1,0,0,1,1,1,0,0,0,0,1,1,1,1,1,1,0,1,=,0,0,0,0,0,0,1,1,1,1,1,1,0,0,0,1,2,1,0,0,1,1,2,2,0,0,0,1,1,1,1,1,1,1,1,1,2,2,2,2,1,0,0,1,1,1,2,1,1,1,1,1,1,1,2,2,0,0,0,0
M,187,1,22.00,1.39,6.30,1.46,1,1,1,2,0.10,4,2,2,3,2.00,16.00,1.20,1.92,0.96,-1.00,=,=,=,2,2,2,2,2,2,2,2,1,1,=,1,1,1,1,=,=,=,=,=,=,1,1,1,1,1,1,1,1,1,0,1,1,2,1,1,2,2,=,2,=,=,=,=,=,=,=,=,=,=,=,1,1,2,2,2,=,=,=,=,=,2,2,1,1,1,=,=,=,=,2,=,1,=,=,1,1,=,0,0,0,0,0,=,=,1,=,=,=,=,2,0,0,0
F,188,1,17.40,1.45,8.30,1.00,1,1,1,1,0.07,2,0,2,3,2.04,44.00,1.64,1.81,0.48,-0.46,=,=,0,0,1,1,1,1,=,0,0,1,1,=,2,2,2,2,=,=,=,=,=,=,1,2,1,1,1,2,1,1,1,0,1,1,1,0,0,0,0,=,0,=,=,=,=,=,=,=,=,=,=,=,1,0,0,0,1,=,=,=,=,=,0,0,0,0,0,=,=,=,=,1,=,1,=,=,0,0,=,2,2,1,1,2,=,=,2,=,=,=,=,1,1,1,1
M,189,1,24.70,1.74,7.00,1.31,1,1,0,0,0.00,5,1,2,2,2.20,50.00,1.70,2.03,1.11,-1.55,1,=,0,0,0,0,0,2,2,1,1,1,0,=,1,1,1,1,=,=,=,=,=,=,2,1,1,1,1,0,0,1,1,1,2,2,2,1,1,1,1,=,1,=,=,=,=,=,=,=,=,=,=,=,1,1,0,0,0,=,=,=,=,=,0,0,0,0,0,=,=,=,=,2,=,1,=,=,1,1,=,1,1,0,1,2,=,=,1,=,=,=,=,2,0,0,0
F,190,1,19.80,1.28,6.50,1.36,1,1,0,0,0.00,4,2,2,2,2.15,46.00,1.66,1.97,0.88,-1.24,1,=,0,0,0,0,0,2,0,0,1,0,1,=,1,2,2,2,=,=,=,=,=,=,2,2,2,2,1,0,0,0,0,0,1,1,1,1,1,0,0,=,0,=,=,=,=,=,=,=,=,=,=,=,0,1,1,1,1,=,=,=,=,=,2,1,1,2,2,=,=,=,=,1,=,0,=,=,1,1,=,1,1,2,1,1,=,=,2,=,=,=,=,1,1,1,1
M,191,1,21.70,1.48,6.80,0.78,1,1,0,0,0.00,5,2,2,2,2.35,83.00,1.92,2.15,1.11,-1.55,1,=,=,0,1,2,1,2,2,2,2,2,2,=,0,0,0,0,=,=,=,=,=,=,1,1,0,0,1,0,1,1,1,=,2,1,1,1,1,2,2,=,2,=,=,=,=,=,=,=,=,=,=,=,1,1,1,1,1,=,=,=,=,=,2,=,2,1,1,=,=,=,=,1,=,1,=,=,1,1,=,0,0,0,1,0,=,=,1,=,=,=,=,2,2,0,0
F,192,1,23.50,1.57,6.70,1.53,1,1,1,1,0.02,2,5,2,3,2.11,40.00,1.60,1.94,0.44,-0.58,1,=,0,0,0,0,0,1,1,0,0,0,0,=,1,1,1,1,=,=,=,=,=,=,1,1,0,1,1,2,2,2,2,1,2,2,2,1,1,2,2,=,1,=,=,=,=,=,=,=,=,=,=,=,1,1,0,0,1,=,=,=,=,=,1,1,1,2,2,=,=,=,=,1,=,1,=,=,1,1,=,0,0,2,2,0,=,=,1,=,=,=,=,2,1,1,1
F,193,1,20.60,1.22,5.90,0.66,1,1,0,0,0.00,4,1,2,2,2.01,27.00,1.43,1.88,0.88,-1.24,0,=,0,0,1,1,1,1,1,=,0,0,0,=,1,1,1,1,=,=,=,=,=,=,0,0,0,0,2,1,2,2,1,1,1,1,1,2,2,1,1,=,1,=,=,=,=,=,=,=,=,=,=,=,1,1,1,1,2,=,=,=,=,=,1,1,0,0,0,=,=,=,=,0,=,1,=,=,1,0,=,1,1,1,1,1,=,=,2,=,=,=,=,2,2,2,2
M,194,1,27.60,1.82,6.60,1.12,1,1,0,0,0.00,4,3,2,2,2.08,45.00,1.65,1.87,0.88,-1.24,0,=,1,0,0,0,1,2,2,=,2,2,2,=,2,2,2,2,=,=,=,=,=,=,1,1,1,1,2,1,1,1,1,1,0,0,0,1,1,1,1,=,1,=,=,=,=,=,=,=,=,=,=,=,1,1,1,1,0,=,=,=,=,=,1,2,2,1,0,=,=,=,=,2,=,1,=,=,1,1,=,0,0,0,2,0,=,=,1,=,=,=,=,2,2,0,0
M,195,1,28.60,1.37,4.80,0.48,1,0,1,1,0.10,1,1,2,3,2.12,37.00,1.57,1.98,0.27,-0.08,=,=,1,=,2,2,2,0,0,=,1,2,2,=,0,1,1,1,=,=,=,=,=,=,2,2,2,2,2,2,1,1,1,2,2,2,2,1,1,0,2,=,0,=,=,=,=,=,=,=,=,=,=,=,2,2,2,2,2,=,=,=,=,=,1,1,1,1,1,=,=,=,=,2,=,0,=,=,2,1,=,1,1,1,2,0,=,=,1,=,=,=,=,2,2,2,2
F,196,1,23.00,1.56,6.80,1.10,1,1,1,2,0.07,2,2,2,3,2.21,28.00,1.45,2.13,0.48,-0.46,0,=,0,1,1,1,1,2,2,=,1,2,1,=,1,1,2,2,=,=,=,=,=,=,1,1,1,1,0,0,0,0,0,1,2,2,2,2,2,1,1,=,0,=,=,=,=,=,=,=,=,=,=,=,1,2,1,1,1,=,=,=,=,=,0,1,1,1,1,=,=,=,=,1,=,1,=,=,1,1,=,1,1,1,1,1,=,=,2,=,=,=,=,1,1,1,1
M,197,1,27.40,2.62,9.60,0.97,1,1,1,2,0.05,4,1,2,3,2.41,52.00,1.72,2.31,0.92,-1.12,=,=,=,0,0,0,0,1,1,=,1,1,0,=,=,2,2,2,=,=,=,=,=,=,1,1,0,0,0,1,0,0,0,=,1,=,1,1,1,0,1,=,0,=,=,=,=,=,=,=,=,=,=,=,1,0,0,0,1,=,=,=,=,=,1,=,1,1,1,=,=,=,=,0,=,1,=,=,2,1,=,0,0,2,2,2,=,=,1,=,=,=,=,0,0,0,0
F,198,1,17.50,1.16,6.60,1.13,1,1,1,1,0.09,3,1,2,3,1.79,15.00,1.18,1.67,0.72,-0.72,1,=,=,1,=,=,1,1,1,2,2,1,1,=,0,0,0,0,=,=,=,=,=,=,2,2,1,1,1,1,0,0,1,=,0,0,0,=,0,0,1,=,0,=,=,=,=,=,=,=,=,=,=,=,2,=,=,=,1,=,=,=,=,=,1,=,=,0,0,=,=,=,=,1,=,1,=,=,0,0,=,0,0,0,0,1,=,=,=,=,=,=,=,2,2,1,1
M,199,1,25.90,1.72,6.60,1.44,1,1,0,0,0.00,4,2,2,2,2.13,54.00,1.73,1.91,0.88,-1.24,1,=,=,0,1,1,1,2,2,1,1,1,1,=,1,0,2,2,=,=,=,=,=,=,0,0,0,0,2,0,1,1,1,2,0,0,1,0,0,2,=,=,2,=,=,=,=,=,=,=,=,=,=,=,0,0,1,2,2,=,=,=,=,=,0,1,1,1,1,=,=,=,=,1,=,1,=,=,0,0,=,1,1,0,0,1,=,=,1,=,=,=,=,2,0,2,2
M,200,1,26.60,1.92,7.20,1.08,1,1,0,0,0.00,5,1,2,2,2.13,67.00,1.83,1.83,1.11,-1.55,0,=,=,1,0,0,0,0,0,1,1,1,0,=,2,2,2,2,=,=,=,=,=,=,1,0,0,0,0,1,1,1,1,1,0,1,1,2,2,0,=,=,1,=,=,=,=,=,=,=,=,=,=,=,1,1,2,2,2,=,=,=,=,=,1,2,2,2,2,=,=,=,=,1,=,0,=,=,1,1,=,1,1,0,0,1,=,=,1,=,=,=,=,2,2,0,0
F,201,1,20.80,1.09,5.20,0.74,0,0,0,0,0.00,0,4,0,0,2.00,39.00,1.59,1.79,-1.06,0.12,1,=,1,1,1,1,1,1,1,1,0,0,0,=,1,1,1,1,=,=,=,=,=,=,1,1,2,2,2,0,1,1,1,1,2,2,2,2,1,2,=,=,1,=,=,=,=,=,=,=,=,=,=,=,1,1,1,2,2,=,=,=,=,=,2,2,2,1,1,=,=,=,=,1,=,1,=,=,1,1,=,1,1,0,0,1,=,=,0,=,=,=,=,2,2,2,2
F,202,1,23.70,1.49,6.30,1.41,0,0,0,0,0.00,0,4,0,0,1.89,20.00,1.30,1.76,-1.06,0.12,2,=,2,2,2,2,2,0,0,0,0,1,1,=,1,2,1,1,=,=,=,=,=,=,1,1,1,1,1,1,1,1,1,=,1,1,1,2,2,2,=,=,2,=,=,=,=,=,=,=,=,=,=,=,0,1,1,1,1,=,=,=,=,=,1,1,1,1,1,=,=,=,=,2,=,2,=,=,1,1,=,2,1,1,1,1,=,=,2,=,=,=,=,2,2,1,1
M,203,1,29.90,2.27,7.60,0.00,0,0,0,0,0.00,0,3,0,0,2.27,93.00,1.97,1.96,-1.06,0.12,2,=,0,0,0,0,0,1,1,=,0,0,0,=,1,1,2,2,=,=,=,=,=,=,1,2,1,0,0,1,1,1,1,2,1,1,1,0,0,0,=,=,1,=,=,=,=,=,=,=,=,=,=,=,2,2,1,1,1,=,=,=,=,=,2,2,1,1,1,=,=,=,=,0,=,0,=,=,2,1,=,1,2,2,2,1,=,=,1,=,=,=,=,2,2,2,2
M,204,1,27.40,2.30,8.40,1.21,1,1,1,1,0.08,5,2,2,3,2.25,78.00,1.89,1.99,1.18,-1.36,1,=,1,1,0,0,0,1,2,2,2,1,1,=,1,2,1,1,=,=,=,=,=,=,1,1,1,1,1,0,0,0,0,1,1,2,2,2,2,2,=,=,1,=,=,=,=,=,=,=,=,=,=,=,0,0,0,0,0,=,=,=,=,=,1,1,1,1,1,=,=,=,=,2,=,2,=,=,1,1,=,0,0,1,1,0,=,=,1,=,=,=,=,0,0,2,2
F,205,1,20.00,1.48,7.40,0.81,0,0,0,0,0.00,0,4,0,0,2.03,19.00,1.28,1.94,-1.06,0.12,1,=,1,1,1,1,1,0,0,1,2,2,2,=,2,2,2,2,=,=,=,=,=,=,0,0,0,0,0,2,2,2,2,0,1,1,1,1,1,1,=,=,1,=,=,=,=,=,=,=,=,=,=,=,1,1,2,2,2,=,=,=,=,=,0,2,2,2,2,=,=,=,=,1,=,2,=,=,0,1,=,2,1,0,0,1,=,=,0,=,=,=,=,2,2,2,2
F,206,1,20.50,1.30,6.30,1.29,0,0,0,0,0.00,0,1,0,0,1.99,36.00,1.56,1.79,-1.06,0.12,2,=,2,2,1,1,1,1,=,0,0,1,0,=,1,1,1,1,=,=,=,=,=,=,1,1,1,1,1,1,1,2,2,2,1,=,0,0,0,2,=,=,2,=,=,=,=,=,=,=,=,=,=,=,2,2,2,2,2,=,=,=,=,=,2,2,2,1,1,=,=,=,=,1,=,2,=,=,1,0,=,1,1,0,0,1,=,=,2,=,=,=,=,2,2,2,2
F,207,1,20.80,1.44,6.90,0.76,0,0,0,0,0.00,0,3,0,0,2.07,40.00,1.60,1.89,-1.06,0.12,1,=,1,2,2,2,2,1,1,2,1,1,1,=,1,0,0,0,=,=,=,=,=,=,2,2,1,1,1,0,0,0,2,2,1,0,0,0,1,1,=,=,1,=,=,=,=,=,=,=,=,=,=,=,1,1,1,1,2,=,=,=,=,=,0,0,0,0,0,=,=,=,=,1,=,1,=,=,1,0,=,0,0,1,2,0,=,=,1,=,=,=,=,1,1,1,1
M,208,1,27.90,1.67,6.00,0.78,1,1,0,0,0.00,4,1,2,2,2.23,67.00,1.83,2.00,0.88,-1.24,1,=,1,2,1,1,1,2,2,1,1,2,2,=,1,1,1,1,=,=,=,=,=,=,2,2,1,1,1,1,1,1,1,1,1,1,1,1,1,1,=,=,1,=,=,=,=,=,=,=,=,=,=,=,0,1,2,2,1,=,=,=,=,=,0,0,1,1,1,=,=,=,=,1,=,1,=,=,1,1,=,0,0,1,2,2,=,=,1,=,=,=,=,2,2,2,2
M,209,1,26.70,1.55,5.80,1.16,0,0,0,0,0.00,0,1,0,0,2.18,68.00,1.83,1.91,-1.06,0.12,=,=,1,1,0,0,0,1,1,1,2,2,2,=,2,2,2,2,=,=,=,=,=,=,0,0,=,0,0,2,1,1,1,2,1,1,1,1,0,1,=,=,1,=,=,=,=,=,=,=,=,=,=,=,1,0,0,0,1,=,=,=,=,=,0,0,0,0,1,=,=,=,=,1,=,0,=,=,2,2,=,2,2,2,0,0,=,=,0,=,=,=,=,2,2,2,2
F,210,1,26.20,1.71,6.50,1.11,0,0,0,0,0.00,0,4,0,0,2.19,50.00,1.70,2.03,-1.06,0.12,=,=,1,1,1,1,2,1,0,1,1,1,1,=,1,1,0,0,=,=,=,=,=,=,1,1,=,1,1,1,2,2,2,2,1,0,0,0,0,0,=,=,0,=,=,=,=,=,=,=,=,=,=,=,1,1,0,0,0,=,=,=,=,=,1,1,0,1,2,=,=,=,=,2,=,1,=,=,2,1,=,2,1,=,1,2,=,=,=,=,=,=,=,2,2,1,1
F,211,1,23.90,1.34,5.60,1.03,1,1,1,1,0.11,1,3,2,3,1.99,26.00,1.42,1.85,0.28,-0.06,1,=,1,0,0,0,0,2,2,2,2,2,1,=,1,1,1,1,=,=,=,=,=,=,2,2,2,2,2,2,1,1,0,1,0,0,0,0,0,1,0,=,1,=,=,=,=,=,=,=,=,=,=,=,2,0,0,1,1,=,=,=,=,=,1,0,0,2,2,=,=,=,=,2,=,1,=,=,1,=,=,0,=,1,1,1,=,=,2,=,=,=,=,1,1,1,1
F,212,1,22.90,1.52,6.60,1.24,0,0,0,0,0.00,0,3,0,0,1.99,35.00,1.54,1.80,-1.06,0.12,1,=,0,1,1,1,1,0,0,0,0,0,0,=,1,0,1,1,=,=,=,=,=,=,2,1,0,0,0,2,1,1,1,1,0,1,1,1,0,0,0,=,0,=,=,=,=,=,=,=,=,=,=,=,1,1,1,1,1,=,=,=,=,=,1,1,1,1,1,=,=,=,=,1,=,1,=,=,2,=,=,1,1,1,1,2,=,=,1,=,=,=,=,1,1,2,2
F,213,1,22.60,1.31,5.80,1.40,0,0,0,0,0.00,0,4,0,0,1.89,25.00,1.40,1.72,-1.06,0.12,1,=,0,0,1,1,1,1,1,1,1,1,1,=,1,1,1,1,=,=,=,=,=,=,0,0,0,0,1,1,1,0,1,2,2,2,2,2,2,2,1,=,0,=,=,=,=,=,=,=,=,=,=,=,2,2,1,1,1,=,=,=,=,=,1,1,1,2,2,=,=,=,=,0,=,0,=,=,1,=,=,0,0,0,1,1,=,=,0,=,=,=,=,1,1,1,1
M,214,1,26.30,1.57,6.00,1.51,1,1,0,0,0.00,4,2,2,2,2.20,56.00,1.75,2.01,0.88,-1.24,0,=,=,1,1,1,1,0,0,1,1,2,2,=,2,2,2,2,=,=,=,=,=,=,1,1,1,1,1,1,0,1,1,2,2,1,1,0,0,2,2,=,2,=,=,=,=,=,=,=,=,=,=,=,0,0,1,2,2,=,=,=,=,=,0,0,=,1,1,=,=,=,=,1,=,1,=,=,2,=,=,0,0,0,0,1,=,=,1,=,=,=,=,2,2,0,0
M,215,1,29.10,1.62,5.60,0.78,0,0,0,0,0.00,0,4,0,0,1.88,34.00,1.53,1.62,-1.06,0.12,2,=,=,2,1,1,1,2,2,1,2,2,2,=,1,2,2,2,=,=,=,=,=,=,0,0,0,0,2,0,2,2,2,1,1,2,2,2,2,2,2,=,1,=,=,=,=,=,=,=,=,=,=,=,2,1,2,2,2,=,=,=,=,=,2,2,1,1,1,=,=,=,=,1,=,1,=,=,1,=,=,1,1,1,0,0,=,=,1,=,=,=,=,2,2,0,0
M,216,1,28.50,2.41,8.50,1.34,0,0,0,0,0.00,0,5,0,0,2.09,36.00,1.56,1.94,-1.06,0.12,1,=,0,2,1,=,1,0,0,1,1,1,1,=,2,1,1,1,=,=,=,=,=,=,2,2,2,2,1,2,0,0,0,0,2,2,2,2,2,1,1,=,2,=,=,=,=,=,=,=,=,=,=,=,1,1,1,1,1,=,=,=,=,=,1,1,1,1,1,=,=,=,=,1,=,2,=,=,0,=,=,1,1,1,1,1,=,=,2,=,=,=,=,2,2,2,2
F,217,1,17.90,0.96,5.40,1.21,0,0,0,0,0.00,0,1,0,0,1.85,43.00,1.63,1.45,-1.06,0.12,2,=,1,0,0,0,0,1,1,1,1,2,1,=,1,0,0,0,=,=,=,=,=,=,1,1,1,0,1,1,1,2,2,2,1,0,0,0,0,1,0,=,1,=,=,=,=,=,=,=,=,=,=,=,2,1,0,1,1,=,=,=,=,=,1,1,1,2,2,=,=,=,=,1,=,0,=,=,1,=,=,0,1,1,2,1,=,=,0,=,=,=,=,2,2,2,2
F,218,1,23.20,1.60,6.90,1.30,0,0,0,0,0.00,0,5,0,0,1.96,50.00,1.70,1.62,-1.06,0.12,1,=,1,0,1,1,1,2,0,1,1,=,1,=,2,2,2,2,=,=,=,=,=,=,0,0,0,0,2,2,2,1,1,1,1,1,1,1,1,2,2,=,1,=,=,=,=,=,=,=,=,=,=,=,0,0,0,0,0,=,=,=,=,=,1,1,1,1,1,=,=,=,=,1,=,1,=,=,0,=,=,0,1,2,2,1,=,=,1,=,=,=,=,1,1,2,2
F,219,1,19.40,1.17,6.00,1.02,0,0,0,0,0.00,0,5,0,0,1.88,34.00,1.53,1.62,-1.06,0.12,2,=,2,1,1,1,1,2,2,1,1,=,2,=,1,0,1,1,=,=,=,=,=,=,0,1,1,1,1,0,0,0,0,1,1,1,1,1,1,2,2,=,1,=,=,=,=,=,=,=,=,=,=,=,0,1,1,1,1,=,=,=,=,=,1,1,2,1,1,=,=,=,=,2,=,2,=,=,2,2,=,1,1,0,1,1,=,=,1,=,=,=,=,1,1,1,1
M,220,1,22.30,1.35,6.10,1.08,1,1,0,0,0.00,4,1,2,2,1.88,25.00,1.40,1.70,0.88,-1.24,1,=,0,2,2,2,1,1,1,0,0,=,2,=,2,2,2,2,=,=,=,=,=,=,0,0,0,0,2,0,0,0,0,0,0,1,1,1,0,2,2,=,2,=,=,=,=,=,=,=,=,=,=,=,1,2,1,1,1,=,=,=,=,=,2,1,0,0,0,=,=,=,=,1,=,2,=,=,1,1,=,1,1,1,1,2,=,=,2,=,=,=,=,2,0,0,0
M,221,1,26.90,1.58,5.90,1.24,0,0,0,0,0.00,0,3,0,0,2.12,47.00,1.67,1.92,-1.06,0.12,=,=,=,0,1,1,2,0,0,1,1,=,1,=,1,1,0,0,=,=,=,=,=,=,0,0,1,1,1,0,1,1,1,2,1,2,2,2,2,1,2,=,2,=,=,=,=,=,=,=,=,=,=,=,1,0,0,0,1,=,=,=,=,=,0,0,1,0,0,=,=,=,=,2,=,2,=,=,2,1,=,0,0,1,1,1,=,=,1,=,=,=,=,0,0,2,2
M,222,1,28.90,1.95,6.70,1.02,0,0,0,0,0.00,0,4,0,0,2.05,33.00,1.52,1.90,-1.06,0.12,1,=,=,2,2,2,2,1,1,1,1,1,2,=,0,0,1,1,=,=,=,=,=,=,1,0,0,0,2,2,2,2,2,2,0,0,0,0,0,1,1,=,1,=,=,=,=,=,=,=,=,=,=,=,0,1,1,2,2,=,=,=,=,=,2,2,1,0,0,=,=,=,=,1,=,1,=,=,2,2,=,2,2,2,1,1,=,=,1,=,=,=,=,2,2,2,2
F,223,1,22.70,1.67,7.40,0.91,0,0,0,0,0.00,0,3,0,0,1.85,27.00,1.43,1.64,-1.06,0.12,2,=,=,0,0,0,1,2,2,2,1,1,1,=,0,1,1,1,=,=,=,=,=,=,2,1,0,0,0,0,1,2,2,1,2,2,2,2,2,1,1,=,2,=,=,=,=,=,=,=,=,=,=,=,2,1,1,1,1,=,=,=,=,=,2,2,2,2,2,=,=,=,=,1,=,2,=,=,2,2,=,2,1,1,1,0,=,=,0,=,=,=,=,1,1,1,1
F,224,1,22.90,1.70,7.40,0.65,0,0,0,0,0.00,0,1,0,0,1.82,37.00,1.57,1.46,-1.06,0.12,2,=,2,2,2,2,2,1,1,1,1,1,1,=,0,0,0,0,=,=,=,=,=,=,1,1,1,1,1,2,2,2,2,2,1,0,0,0,0,2,2,=,2,=,=,=,=,=,=,=,=,=,=,=,0,1,1,1,2,=,=,=,=,=,2,2,2,2,0,=,=,=,=,2,=,1,=,=,2,1,=,0,0,1,2,0,=,=,2,=,=,=,=,1,1,1,1
F,225,1,24.90,1.67,6.70,0.81,0,0,0,0,0.00,0,3,0,0,1.95,28.00,1.45,1.79,-1.06,0.12,1,=,1,1,1,1,1,1,1,1,1,1,2,=,1,1,1,1,=,=,=,=,=,=,2,2,2,1,2,2,2,2,2,2,1,1,1,1,1,0,0,=,0,=,=,=,=,=,=,=,=,=,=,=,1,1,1,1,0,=,=,=,=,=,0,0,0,1,1,=,=,=,=,0,=,1,=,=,1,2,=,1,1,1,2,1,=,=,0,=,=,=,=,1,1,1,1
M,226,1,27.10,1.78,6.60,0.54,1,1,0,0,0.00,5,2,2,2,2.24,61.00,1.79,2.05,1.11,-1.55,1,=,=,1,1,1,0,2,0,1,1,1,1,=,1,0,0,0,=,=,=,=,=,=,1,1,1,1,2,0,0,0,1,1,2,2,2,2,2,0,0,=,0,=,=,=,=,=,=,=,=,=,=,=,1,1,0,1,2,=,=,=,=,=,0,0,0,0,0,=,=,=,=,0,=,0,=,=,1,1,=,1,0,0,0,2,=,=,1,=,=,=,=,0,0,0,0
M,227,1,26.70,1.52,5.70,0.40,1,1,0,0,0.00,4,3,2,2,2.03,44.00,1.64,1.81,0.88,-1.24,1,=,=,1,0,0,0,1,1,2,2,2,1,=,0,1,2,2,=,=,=,=,=,=,1,1,1,1,1,1,1,1,1,1,=,2,2,2,2,1,1,=,1,=,=,=,=,=,=,=,=,=,=,=,2,2,1,1,1,=,=,=,=,=,1,0,0,0,0,=,=,=,=,2,=,2,=,=,0,0,=,0,1,1,2,1,=,=,2,=,=,=,=,2,2,0,0
F,228,0,18.60,0.97,5.20,1.13,0,0,0,0,0.00,0,4,0,0,2.01,70.00,1.85,1.51,-1.06,0.12,0,=,0,0,1,1,1,0,1,2,2,0,1,=,2,2,2,2,=,=,=,=,=,=,0,0,0,1,1,1,1,1,1,1,0,0,0,0,0,1,2,=,2,=,=,=,=,=,=,=,=,=,=,=,1,1,2,1,1,=,=,=,=,=,0,0,0,1,1,=,=,=,=,2,=,0,=,=,0,0,=,2,2,2,0,2,=,=,2,=,=,=,=,1,1,1,1
F,229,0,19.30,1.06,5.50,1.53,0,0,0,0,0.00,0,5,0,0,1.93,30.00,1.48,1.74,-1.06,0.12,1,=,1,1,1,1,1,1,1,0,0,2,2,=,1,2,2,2,=,=,=,=,=,=,2,1,0,0,1,1,1,1,2,2,1,1,0,1,=,2,2,=,2,=,=,=,=,=,=,=,=,=,=,=,1,1,1,1,1,=,=,=,=,=,1,1,0,0,0,=,=,=,=,1,=,0,=,=,2,1,=,0,0,1,1,1,=,=,1,=,=,=,=,1,1,1,=
F,230,0,21.20,1.35,6.40,1.43,0,0,0,0,0.00,0,4,0,0,2.08,38.00,1.58,1.92,-1.06,0.12,1,=,1,1,1,1,1,1,1,1,1,=,1,=,1,0,1,1,=,=,=,=,=,=,1,1,1,1,1,1,0,0,1,1,1,1,1,1,1,1,1,=,1,=,=,=,=,=,=,=,=,=,=,=,1,1,1,1,1,=,=,=,=,=,1,1,1,0,1,=,=,=,=,1,=,1,=,=,1,1,=,1,1,1,1,1,=,=,1,=,=,=,=,1,1,0,0
F,231,0,21.20,1.60,7.50,1.20,0,0,0,0,0.00,0,5,0,0,2.12,25.00,1.40,2.03,-1.06,0.12,2,=,1,0,1,1,=,2,2,1,1,=,1,=,2,1,=,1,=,=,=,=,=,=,1,0,0,1,1,0,0,0,0,1,=,1,1,2,2,2,2,=,1,=,=,=,=,=,=,=,=,=,=,=,0,1,=,2,2,=,=,=,=,=,0,0,0,0,0,=,=,=,=,1,=,1,=,=,2,2,=,1,1,0,0,0,=,=,1,=,=,=,=,1,1,0,0
F,232,0,20.70,1.52,6.40,1.29,0,0,0,0,0.00,0,5,0,0,1.90,36.00,1.56,1.63,-1.06,0.12,1,=,1,0,0,0,0,0,0,1,1,=,1,=,1,2,2,2,=,=,=,=,=,=,1,1,1,1,1,0,0,0,0,0,0,0,1,2,2,1,0,=,0,=,=,=,=,=,=,=,=,=,=,=,2,2,2,2,2,=,=,=,=,=,2,1,1,1,1,=,=,=,=,1,=,0,=,=,1,1,=,2,1,1,0,1,=,=,0,=,=,=,=,0,1,1,1
F,233,0,21.50,1.47,6.80,1.09,0,0,0,0,0.00,0,4,0,0,2.02,30.00,1.48,1.87,-1.06,0.12,2,=,2,2,2,2,2,0,0,0,0,0,0,=,1,1,1,1,=,=,=,=,=,=,0,0,0,0,0,1,0,0,0,1,2,2,1,1,1,1,1,=,2,=,=,=,=,=,=,=,=,=,=,=,2,1,1,1,0,=,=,=,=,=,1,1,1,1,0,=,=,=,=,1,=,1,=,=,1,1,=,0,0,2,2,0,=,=,1,=,=,=,=,1,1,0,0
F,234,0,24.80,1.62,6.50,1.21,0,0,0,0,0.00,0,5,0,0,2.04,58.00,1.76,1.71,-1.06,0.12,1,=,0,0,0,0,0,1,0,0,0,=,1,=,0,0,0,0,=,=,=,=,=,=,0,1,2,2,1,1,1,1,1,0,2,2,1,1,1,1,1,=,0,=,=,=,=,=,=,=,=,=,=,=,1,1,1,1,1,=,=,=,=,=,0,0,0,=,1,=,=,=,=,2,=,1,=,=,1,2,=,1,2,1,=,1,=,=,2,=,=,=,=,0,0,0,0
F,235,0,23.70,1.36,5.70,0.91,0,0,0,0,0.00,0,5,0,0,2.07,61.00,1.79,1.75,-1.06,0.12,1,=,2,2,1,1,1,2,2,1,1,1,0,=,1,0,1,1,=,=,=,=,=,=,2,2,2,2,2,1,0,0,1,2,2,2,1,1,0,0,0,=,1,=,=,=,=,=,=,=,=,=,=,=,1,0,0,0,0,=,=,=,=,=,2,2,1,0,0,=,=,=,=,2,=,2,=,=,2,2,=,0,1,1,1,1,=,=,0,=,=,=,=,1,0,1,1
F,236,0,24.10,1.70,7.10,1.11,0,0,0,0,0.00,0,5,0,0,1.93,37.00,1.57,1.68,-1.06,0.12,0,=,2,1,2,2,2,2,2,1,1,0,1,=,1,1,0,1,=,=,=,=,=,=,1,1,1,0,1,0,0,0,1,2,1,1,0,1,1,1,1,=,2,=,=,=,=,=,=,=,=,=,=,=,2,1,1,0,0,=,=,=,=,=,1,1,1,2,2,=,=,=,=,1,=,0,=,=,1,1,=,2,2,2,0,1,=,=,1,=,=,=,=,1,1,0,0
F,237,0,22.40,1.36,6.10,1.23,0,0,0,0,0.00,0,5,0,0,2.03,34.00,1.53,1.86,-1.06,0.12,1,=,=,0,0,0,0,1,2,1,1,1,2,=,2,2,2,2,=,=,=,=,=,=,2,2,2,2,1,0,0,0,0,0,1,1,0,0,0,2,2,=,2,=,=,=,=,=,=,=,=,=,=,=,2,2,1,1,1,=,=,=,=,=,1,1,1,1,1,=,=,=,=,2,=,1,=,=,1,1,=,1,1,2,1,1,=,=,1,=,=,=,=,0,0,1,1
M,238,0,28.40,1.90,6.70,0.79,1,1,1,1,0.10,5,2,2,3,1.96,35.00,1.54,1.76,1.19,-1.31,1,=,=,2,2,2,1,2,2,2,2,2,2,=,1,1,1,1,=,=,=,=,=,=,0,1,1,1,1,2,1,0,0,0,2,2,2,2,2,2,2,=,2,=,=,=,=,=,=,=,=,=,=,=,2,2,2,2,1,=,=,=,=,=,0,0,0,1,0,=,=,=,=,0,=,0,=,=,0,0,=,2,2,2,1,1,=,=,1,=,=,=,=,0,2,2,2
M,239,0,24.70,1.36,5.50,1.11,1,1,1,1,0.10,4,1,2,3,2.06,43.00,1.63,1.86,0.96,-1.00,2,=,=,1,1,1,1,0,1,1,1,1,1,=,1,1,0,0,=,=,=,=,=,=,0,0,0,0,0,2,2,2,2,1,=,0,0,0,1,2,2,=,1,=,=,=,=,=,=,=,=,=,=,=,1,2,2,2,2,=,=,=,=,=,2,2,1,1,0,=,=,=,=,2,=,2,=,=,1,0,=,1,1,0,0,1,=,=,1,=,=,=,=,2,2,2,2
F,240,0,19.40,1.17,6.00,1.24,0,0,0,0,0.00,0,4,0,0,1.90,28.00,1.45,1.72,-1.06,0.12,=,=,=,0,0,0,0,2,2,2,1,2,1,=,0,0,0,1,=,=,=,=,=,=,2,2,1,1,1,0,0,1,1,=,1,1,1,1,0,1,1,=,2,=,=,=,=,=,=,=,=,=,=,=,2,2,1,1,1,=,=,=,=,=,2,2,2,2,=,=,=,=,=,1,=,1,=,=,1,1,=,1,1,2,2,0,=,=,0,=,=,=,=,1,1,0,0
F,241,0,20.70,1.69,8.20,1.15,0,0,0,0,0.00,0,4,0,0,2.06,15.00,1.18,2.00,-1.06,0.12,2,=,2,1,1,1,1,1,1,1,1,2,2,=,1,1,0,0,=,=,=,=,=,=,1,1,0,0,0,2,1,1,1,1,1,0,1,1,1,1,=,=,2,=,=,=,=,=,=,=,=,=,=,=,1,1,2,2,1,=,=,=,=,=,1,1,1,1,1,=,=,=,=,2,=,2,=,=,2,2,=,2,1,1,1,0,=,=,0,=,=,=,=,0,1,0,=
M,242,0,25.60,1.40,5.50,0.88,0,0,0,0,0.00,0,4,0,0,2.15,54.00,1.73,1.93,-1.06,0.12,1,=,1,=,2,2,2,1,1,0,0,0,1,=,0,0,1,1,=,=,=,=,=,=,1,1,1,0,0,0,1,2,2,2,1,1,1,0,0,1,1,=,1,=,=,=,=,=,=,=,=,=,=,=,0,0,0,2,2,=,=,=,=,=,1,2,2,2,2,=,=,=,=,1,=,0,=,=,2,2,=,0,0,1,1,2,=,=,2,=,=,=,=,2,2,=,2
M,243,0,25.40,1.90,7.50,1.22,1,1,1,4,0.11,4,1,2,3,2.25,51.00,1.71,2.10,0.97,-0.98,2,=,0,0,0,0,1,1,0,0,0,0,0,=,=,1,1,1,=,=,=,=,=,=,1,1,0,0,2,2,1,1,1,1,1,1,1,1,2,2,1,=,1,=,=,=,=,=,=,=,=,=,=,=,1,1,=,1,1,=,=,=,=,=,2,2,=,0,0,=,=,=,=,1,=,2,=,=,1,0,=,1,0,0,0,1,=,=,1,=,=,=,=,2,2,2,2
F,244,0,19.40,1.19,6.10,1.35,0,0,0,0,0.00,0,5,0,0,1.92,40.00,1.60,1.63,-1.06,0.12,1,=,0,1,1,1,1,0,0,0,0,0,1,=,=,1,0,0,=,=,=,=,=,=,1,1,1,2,1,1,1,1,=,1,0,0,0,0,1,2,1,=,1,=,=,=,=,=,=,=,=,=,=,=,1,1,1,1,2,=,=,=,=,=,2,2,=,0,0,=,=,=,=,0,=,0,=,=,1,1,=,=,1,2,2,1,=,=,2,=,=,=,=,0,1,1,1
F,245,0,20.30,1.59,7.80,0.85,1,1,1,2,0.05,5,1,2,3,1.94,26.00,1.42,1.79,1.15,-1.43,1,=,1,1,1,1,1,0,1,1,0,0,0,=,2,2,=,1,=,=,=,=,=,=,1,1,0,0,1,2,0,1,1,1,1,1,=,1,1,1,1,=,1,=,=,=,=,=,=,=,=,=,=,=,2,1,1,2,2,=,=,=,=,=,2,2,2,1,0,=,=,=,=,1,=,2,=,=,1,0,=,1,1,1,1,2,=,=,2,=,=,=,=,1,1,0,0
F,246,0,20.40,1.37,6.70,1.17,0,0,0,0,0.00,0,4,0,0,2.13,42.00,1.62,1.97,-1.06,0.12,2,=,1,1,1,1,2,0,0,0,0,1,2,=,2,2,1,0,=,=,=,=,=,=,0,0,0,0,1,1,0,0,0,0,0,0,0,0,1,1,0,=,1,=,=,=,=,=,=,=,=,=,=,=,0,0,1,1,1,=,=,=,=,=,1,1,1,0,0,=,=,=,=,1,=,1,=,=,1,1,=,1,1,1,1,0,=,=,1,=,=,=,=,1,1,1,1
F,247,0,18.70,1.18,6.30,1.33,0,0,0,0,0.00,0,5,0,0,1.89,28.00,1.45,1.70,-1.06,0.12,2,=,=,1,1,1,1,0,1,1,1,1,0,=,1,2,1,1,=,=,=,=,=,=,0,0,1,1,1,1,0,1,1,1,0,0,1,1,1,1,1,=,1,=,=,=,=,=,=,=,=,=,=,=,1,1,1,2,2,=,=,=,=,=,1,1,2,2,1,=,=,=,=,1,=,1,=,=,0,0,=,2,2,2,1,0,=,=,=,=,=,=,=,1,1,1,1
F,248,0,22.30,1.62,7.30,1.25,0,0,0,0,0.00,0,4,0,0,1.92,26.00,1.42,1.76,-1.06,0.12,2,=,2,2,1,1,1,1,1,1,1,1,0,=,0,0,0,0,=,=,=,=,=,=,1,1,1,1,=,=,1,2,2,1,2,2,2,2,1,1,1,=,1,=,=,=,=,=,=,=,=,=,=,=,1,1,0,0,0,=,=,=,=,=,0,0,0,0,0,=,=,=,=,2,=,2,=,=,1,1,=,0,0,1,1,2,=,=,=,=,=,=,=,=,0,0,0
F,249,0,20.80,1.42,6.80,1.12,0,0,0,0,0.00,0,4,0,0,2.11,32.00,1.51,1.98,-1.06,0.12,1,=,1,1,1,1,1,2,2,2,2,2,1,=,1,1,1,2,=,=,=,=,=,=,1,1,2,2,1,2,1,0,1,1,1,1,1,1,1,1,2,=,2,=,=,=,=,=,=,=,=,=,=,=,1,0,0,2,2,=,=,=,=,=,1,1,1,0,0,=,=,=,=,1,=,2,=,=,0,1,=,1,1,2,2,0,=,=,=,=,=,=,=,=,0,0,0
M,250,0,24.00,1.64,6.80,0.83,1,1,0,0,0.00,4,1,2,2,2.68,7.00,0.85,2.68,0.88,-1.24,2,=,=,2,2,2,2,0,0,1,1,1,0,=,2,2,2,2,=,=,=,=,=,=,0,0,1,2,2,1,1,1,1,1,0,0,0,0,0,0,0,=,0,=,=,=,=,=,=,=,=,=,=,=,1,1,1,1,1,=,=,=,=,=,1,1,1,0,0,=,=,=,=,0,=,1,=,=,1,1,=,0,0,0,2,1,=,=,2,=,=,=,=,=,0,0,0
F,251,0,24.70,1.75,7.10,1.43,1,1,1,2,0.11,4,2,2,3,2.03,25.00,1.40,1.91,0.97,-0.98,1,=,2,0,1,2,2,1,1,=,1,1,1,=,1,2,2,2,=,=,=,=,=,=,0,1,1,1,2,1,1,0,0,0,0,1,1,1,1,0,0,=,0,=,=,=,=,=,=,=,=,=,=,=,0,0,1,1,1,=,=,=,=,=,0,0,=,2,2,=,=,=,=,2,=,0,=,=,1,1,=,0,0,1,2,2,=,=,1,=,=,=,=,=,0,0,0
F,252,0,24.60,1.72,7.00,1.50,0,0,0,0,0.00,0,4,0,0,1.96,37.00,1.57,1.73,-1.06,0.12,1,=,=,0,1,1,1,2,2,1,1,=,1,=,2,2,1,1,=,=,=,=,=,=,1,1,1,2,2,1,1,2,2,=,1,1,1,1,2,1,1,=,1,=,=,=,=,=,=,=,=,=,=,=,2,1,1,1,1,=,=,=,=,=,0,0,1,2,2,=,=,=,=,1,=,2,=,=,1,1,=,0,0,1,1,2,=,=,1,=,=,=,=,=,1,1,1
F,253,0,21.20,1.39,6.60,1.15,0,0,0,0,0.00,0,4,0,0,1.84,32.00,1.51,1.57,-1.06,0.12,0,=,1,1,1,1,2,0,0,0,0,1,1,=,0,1,2,2,=,=,=,=,=,=,2,2,1,1,1,1,2,2,2,2,1,0,0,0,1,2,2,=,2,=,=,=,=,=,=,=,=,=,=,=,1,1,1,1,0,=,=,=,=,=,2,2,2,0,0,=,=,=,=,1,=,1,=,=,0,0,=,2,2,2,1,2,=,=,0,=,=,=,=,1,0,0,0
M,254,0,30.20,2.05,6.80,1.15,1,1,0,0,0.00,5,0,2,2,2.17,48.00,1.68,2.00,1.11,-1.55,0,=,1,1,1,1,0,1,1,0,0,0,0,=,1,1,1,1,=,=,=,=,=,=,2,2,2,2,2,1,2,2,2,1,1,1,1,2,2,1,1,=,1,=,=,=,=,=,=,=,=,=,=,=,0,2,2,2,2,=,=,=,=,=,1,1,0,0,0,=,=,=,=,1,=,0,=,=,1,1,=,2,2,2,1,0,=,=,1,=,=,=,=,2,0,2,2
M,255,0,32.00,1.81,5.60,0.95,0,0,0,0,0.00,0,1,0,0,1.98,43.00,1.63,1.72,-1.06,0.12,1,=,1,0,0,0,0,0,0,1,1,0,1,=,1,0,0,0,=,=,=,=,=,=,1,0,0,0,0,2,2,2,2,2,1,0,1,1,1,1,1,=,1,=,=,=,=,=,=,=,=,=,=,=,2,1,1,1,1,=,=,=,=,=,2,2,2,1,1,=,=,=,=,0,=,0,=,=,2,1,=,0,0,1,1,1,=,=,0,=,=,=,=,0,0,2,2
M,256,0,19.70,1.43,7.30,0.81,1,1,1,6,0.12,1,2,2,3,=,=,=,=,0.29,-0.03,1,=,0,0,1,1,2,2,1,1,1,0,0,=,2,1,1,1,=,=,=,=,=,=,2,2,1,0,0,1,2,1,1,1,2,2,2,2,2,1,2,=,2,=,=,=,=,=,=,=,=,=,=,=,1,1,1,1,0,=,=,=,=,=,1,1,2,2,2,=,=,=,=,0,=,0,=,=,0,1,=,1,2,2,2,1,=,=,2,=,=,=,=,0,2,2,2
M,257,0,28.90,1.96,6.80,0.54,1,1,1,2,0.06,3,1,2,3,2.13,48.00,1.68,1.93,0.70,-0.79,1,=,2,2,2,2,2,2,2,0,0,0,0,=,2,1,0,0,=,=,=,=,=,=,0,0,1,1,1,1,2,2,2,1,1,1,1,1,1,1,1,=,1,=,=,=,=,=,=,=,=,=,=,=,1,1,1,1,1,=,=,=,=,=,1,1,0,0,0,=,=,=,=,2,=,2,=,=,1,1,=,1,1,1,1,1,=,=,2,=,=,=,=,2,2,2,2
M,258,0,26.10,1.78,6.80,0.76,1,1,0,0,0.00,5,1,2,2,2.12,61.00,1.79,1.85,1.11,-1.55,0,=,1,1,1,1,1,2,1,1,1,1,2,=,1,1,1,1,=,=,=,=,=,=,2,1,1,1,1,0,0,0,0,0,0,0,1,1,1,0,2,=,1,=,=,=,=,=,=,=,=,=,=,=,0,0,0,0,0,=,=,=,=,=,1,1,1,1,1,=,=,=,=,1,=,1,=,=,2,2,=,1,1,2,1,1,=,=,2,=,=,=,=,2,2,2,2
M,259,0,26.90,1.98,7.40,0.76,1,1,0,0,0.00,5,1,2,2,2.17,53.00,1.72,1.98,1.11,-1.55,0,=,=,1,1,1,1,2,2,=,1,0,1,=,2,1,1,1,=,=,=,=,=,=,2,1,1,1,1,1,1,1,0,0,1,1,0,0,0,0,0,=,1,=,=,=,=,=,=,=,=,=,=,=,2,1,1,1,2,=,=,=,=,=,2,1,1,1,1,=,=,=,=,1,=,2,=,=,1,1,=,1,1,1,2,0,=,=,1,=,=,=,=,2,2,2,2
M,260,0,27.20,1.50,5.50,0.30,1,1,0,0,0.00,4,1,2,2,2.04,57.00,1.76,1.72,0.88,-1.24,1,=,2,2,2,2,2,0,1,2,2,2,2,=,2,2,2,1,=,=,=,=,=,=,1,2,1,1,1,0,0,0,0,1,0,1,1,1,1,1,1,=,2,=,=,=,=,=,=,=,=,=,=,=,2,1,0,0,1,=,=,=,=,=,1,0,0,0,0,=,=,=,=,2,=,1,=,=,1,1,=,0,0,1,2,1,=,=,2,=,=,=,=,0,0,2,2
F,261,0,22.50,1.48,6.60,0.74,1,1,0,0,0.00,5,2,2,2,2.03,43.00,1.63,1.80,1.11,-1.55,1,=,=,2,2,2,2,2,2,1,1,0,0,=,0,0,2,2,=,=,=,=,=,=,1,1,1,1,2,1,1,1,1,1,1,1,1,1,0,1,1,=,1,=,=,=,=,=,=,=,=,=,=,=,0,1,2,2,2,=,=,=,=,=,1,1,1,0,0,=,=,=,=,0,=,0,=,=,0,0,=,2,1,0,0,0,=,=,1,=,=,=,=,0,0,0,0
M,262,0,25.40,1.45,5.70,1.74,1,1,0,0,0.00,4,1,2,2,2.30,39.00,1.59,2.20,0.88,-1.24,0,=,1,2,2,2,2,1,1,2,2,1,1,=,2,2,2,2,=,=,=,=,=,=,1,1,1,1,1,0,1,1,1,0,0,0,0,0,0,0,1,=,1,=,=,=,=,=,=,=,=,=,=,=,2,2,2,2,2,=,=,=,=,=,2,2,2,0,0,=,=,=,=,1,=,1,=,=,0,0,=,1,1,1,1,1,=,=,2,=,=,=,=,0,0,0,0
F,263,0,22.40,1.14,5.10,1.20,0,0,0,0,0.00,0,4,0,0,1.91,31.00,1.49,1.70,-1.06,0.12,1,=,1,1,1,1,1,2,2,1,1,1,1,=,0,0,0,1,=,=,=,=,=,=,1,1,0,0,1,2,1,0,1,1,2,2,2,2,1,1,1,=,1,=,=,=,=,=,=,=,=,=,=,=,1,0,0,1,2,=,=,=,=,=,2,2,1,0,0,=,=,=,=,1,=,1,=,=,0,0,=,0,0,0,2,0,=,=,2,=,=,=,=,1,1,0,0
M,264,0,25.50,1.81,7.10,1.37,1,1,0,0,0.00,4,2,2,2,2.24,56.00,1.75,2.08,0.88,-1.24,1,=,1,1,0,0,0,1,1,1,1,1,0,=,1,1,1,1,=,=,=,=,=,=,1,1,1,2,2,1,1,1,1,1,0,0,0,0,1,2,2,=,1,=,=,=,=,=,=,=,=,=,=,=,1,1,0,0,0,=,=,=,=,=,1,1,2,2,2,=,=,=,=,1,=,2,=,=,0,0,=,1,1,0,1,2,=,=,0,=,=,=,=,2,2,0,0
M,265,0,26.20,1.76,6.70,0.77,1,1,1,1,0.02,3,2,2,3,2.13,60.00,1.78,1.88,0.67,-0.88,1,=,1,1,1,1,1,1,1,2,2,1,0,=,0,1,1,1,=,=,=,=,=,=,1,2,1,1,0,2,1,1,1,1,0,0,1,2,2,0,2,=,0,=,=,=,=,=,=,=,=,=,=,=,0,1,1,1,2,=,=,=,=,=,2,1,1,0,1,=,=,=,=,1,=,1,=,=,2,2,=,1,1,1,1,0,=,=,2,=,=,=,=,2,2,2,=
M,266,0,=,1.62,=,1.48,1,1,0,0,0.00,4,3,2,2,2.19,58.00,1.76,1.99,0.88,-1.24,2,=,1,1,1,0,0,1,1,2,2,1,1,=,0,1,1,1,=,=,=,=,=,=,1,1,1,1,1,1,1,1,1,2,1,1,1,1,1,2,1,=,1,=,=,=,=,=,=,=,=,=,=,=,0,0,0,1,1,=,=,=,=,=,2,1,0,0,0,=,=,=,=,1,=,1,=,=,0,0,=,1,1,0,1,2,=,=,1,=,=,=,=,2,0,0,0
F,267,0,21.30,1.46,6.90,0.72,1,0,1,1,0.05,5,1,2,3,2.06,24.00,1.38,1.96,1.15,-1.43,0,=,1,1,2,2,2,0,0,1,1,1,1,=,1,2,2,2,=,=,=,=,=,=,0,0,1,1,1,1,1,1,1,1,1,0,1,1,1,1,0,=,0,=,=,=,=,=,=,=,=,=,=,=,1,1,1,1,2,=,=,=,=,=,0,0,0,0,1,=,=,=,=,1,=,1,=,=,1,1,=,2,1,0,0,0,=,=,0,=,=,=,=,1,1,1,1
M,268,0,25.20,2.32,9.20,0.70,1,1,1,1,0.12,2,2,2,3,2.28,74.00,1.87,2.07,0.52,-0.34,2,=,2,2,1,1,0,1,1,1,1,2,1,=,1,0,0,0,=,=,=,=,=,=,0,0,0,2,2,1,1,2,2,1,1,1,1,2,1,2,1,=,0,=,=,=,=,=,=,=,=,=,=,=,2,1,1,1,=,=,=,=,=,=,2,2,2,1,1,=,=,=,=,1,=,1,=,=,0,0,=,2,2,2,1,1,=,=,0,=,=,=,=,0,0,0,0
F,269,0,22.90,1.15,5.00,1.47,0,0,0,0,0.00,0,1,0,0,1.85,22.00,1.34,1.69,-1.06,0.12,1,=,1,2,2,2,2,1,1,1,1,1,1,=,1,1,2,2,=,=,=,=,=,=,0,0,1,1,1,0,0,0,0,0,1,1,1,1,0,1,0,=,0,=,=,=,=,=,=,=,=,=,=,=,2,2,2,2,1,=,=,=,=,=,0,0,0,0,0,=,=,=,=,2,=,2,=,=,2,1,=,2,1,1,0,1,=,=,1,=,=,=,=,1,1,0,0
F,270,0,23.60,1.48,6.30,1.09,0,0,0,0,0.00,0,4,0,0,2.19,56.00,1.75,1.99,-1.06,0.12,2,=,0,0,0,0,2,0,0,0,0,0,2,=,1,1,0,0,=,=,=,=,=,=,1,1,2,1,1,0,1,1,1,1,2,2,2,1,1,2,2,=,2,=,=,=,=,=,=,=,=,=,=,=,1,0,0,0,0,=,=,=,=,=,1,1,1,0,0,=,=,=,=,1,=,1,=,=,1,1,=,0,1,1,1,2,=,=,2,=,=,=,=,1,1,0,0
F,271,0,22.90,1.19,5.20,1.07,0,0,0,0,0.00,0,1,0,0,1.91,29.00,1.46,1.72,-1.06,0.12,1,=,=,1,1,1,1,1,1,=,0,0,0,=,0,0,0,0,=,=,=,=,=,=,1,1,2,2,2,2,2,1,1,1,2,2,2,2,2,0,1,=,2,=,=,=,=,=,=,=,=,=,=,=,1,1,1,1,1,=,=,=,=,=,2,2,2,2,2,=,=,=,=,1,=,1,=,=,1,1,=,0,1,1,1,0,=,=,1,=,=,=,=,0,0,1,1
M,272,0,29.50,2.07,7.00,1.19,1,1,0,0,0.00,4,2,2,2,2.18,37.00,1.57,2.05,0.88,-1.24,1,=,=,0,0,0,0,2,2,1,1,=,2,=,2,2,2,2,=,=,=,=,=,=,0,0,1,1,1,1,1,0,0,0,2,2,2,2,2,2,2,=,1,=,=,=,=,=,=,=,=,=,=,=,2,2,0,0,0,=,=,=,=,=,0,0,0,1,1,=,=,=,=,0,=,2,=,=,1,1,=,1,1,0,0,1,=,=,1,=,=,=,=,0,0,2,2
M,273,0,26.50,1.70,6.40,0.56,1,0,1,1,0.02,5,0,2,3,2.16,67.00,1.83,1.90,1.13,-1.50,1,=,2,1,1,1,1,0,0,0,0,=,0,=,0,0,0,0,=,=,=,=,=,=,1,1,1,1,1,1,1,=,0,0,1,1,1,0,0,1,1,=,0,=,=,=,=,=,=,=,=,=,=,=,2,2,2,2,1,=,=,=,=,=,1,1,0,0,1,=,=,=,=,0,=,0,=,=,2,2,=,2,2,2,2,1,=,=,1,=,=,=,=,2,2,2,2
F,274,0,20.30,1.27,6.30,0.92,0,0,0,0,0.00,0,1,0,0,1.73,23.00,1.36,1.49,-1.06,0.12,2,=,=,0,1,1,1,1,1,1,1,1,1,=,1,1,0,1,=,=,=,=,=,=,1,1,0,0,0,1,0,0,2,2,0,0,0,1,2,1,0,=,0,=,=,=,=,=,=,=,=,=,=,=,2,2,1,1,1,=,=,=,=,=,0,0,0,0,1,=,=,=,=,1,=,0,=,=,1,2,=,1,1,2,2,1,=,=,1,=,=,=,=,1,1,0,0
F,275,0,25.30,2.03,8.00,1.20,1,1,1,1,0.07,2,2,2,3,1.88,17.00,1.23,1.76,0.48,-0.46,1,=,=,0,0,0,1,1,=,1,1,0,1,=,1,0,0,0,=,=,=,=,=,=,2,2,1,1,0,2,1,1,1,1,0,0,0,0,0,2,0,=,2,=,=,=,=,=,=,=,=,=,=,=,1,1,1,1,0,=,=,=,=,=,0,0,0,0,0,=,=,=,=,1,=,2,=,=,2,2,=,1,1,0,0,=,=,=,0,=,=,=,=,=,0,1,1
F,276,0,20.10,1.51,7.50,0.81,1,1,0,0,0.00,4,1,2,2,1.75,21.00,1.32,1.54,0.88,-1.24,1,=,=,0,0,0,0,0,2,2,2,1,0,=,1,0,0,0,=,=,=,=,=,=,0,1,1,1,1,2,2,2,2,2,0,0,1,1,1,0,1,=,2,=,=,=,=,=,=,=,=,=,=,=,2,2,1,1,1,=,=,=,=,=,0,0,=,1,2,=,=,=,=,=,=,1,=,=,1,1,=,2,1,1,1,1,=,=,1,=,=,=,=,0,0,0,0
F,277,0,20.60,1.54,7.50,0.30,1,1,0,0,0.00,5,1,2,2,1.90,20.00,1.30,1.77,1.11,-1.55,2,=,2,2,1,1,1,0,2,2,1,2,0,=,2,2,1,1,=,=,=,=,=,=,1,1,0,1,1,0,=,1,1,2,0,0,0,1,1,1,=,=,1,=,=,=,=,=,=,=,=,=,=,=,0,1,1,2,2,=,=,=,=,=,0,1,1,1,=,=,=,=,=,0,=,2,=,=,0,0,=,2,2,1,1,1,=,=,0,=,=,=,=,0,1,1,=
F,278,0,24.10,1.60,6.60,1.32,0,0,0,0,0.00,0,4,0,0,1.99,31.00,1.49,1.83,-1.06,0.12,0,=,2,2,2,2,2,0,2,2,1,=,2,=,0,1,1,1,=,=,=,=,=,=,1,2,2,2,1,2,1,1,1,2,2,1,1,1,1,1,2,=,1,=,=,=,=,=,=,=,=,=,=,=,1,1,1,1,1,=,=,=,=,=,0,0,0,0,0,=,=,=,=,2,=,2,=,=,0,0,=,0,0,1,2,2,=,=,2,=,=,=,=,1,0,0,0
M,279,0,26.60,1.62,6.60,1.16,1,1,0,0,0.00,4,2,2,2,2.11,37.00,1.57,1.96,0.88,-1.24,1,=,1,1,1,1,1,1,1,2,2,2,1,=,1,2,2,2,=,=,=,=,=,=,2,2,2,2,1,0,0,1,1,2,0,0,0,1,2,1,1,=,1,=,=,=,=,=,=,=,=,=,=,=,1,1,=,1,0,=,=,=,=,=,2,2,1,1,1,=,=,=,=,1,=,1,=,=,1,1,=,1,1,1,0,=,=,=,1,=,=,=,=,2,=,2,2
M,280,1,23.70,6.10,1.44,1.55,1,1,0,0,0.00,2,1,2,2,2.46,38.00,1.58,2.40,0.42,-0.62,=,=,=,=,=,=,=,=,=,=,=,1,=,=,=,=,=,=,=,=,=,=,=,=,=,=,=,=,=,=,=,=,=,=,=,=,=,=,=,=,=,=,=,=,=,=,=,=,=,=,=,=,=,=,=,=,=,=,=,=,=,=,=,=,=,=,=,=,=,=,=,=,=,=,=,=,=,=,=,=,=,=,=,=,=,=,=,=,=,=,=,=,=,=,=,=,=
M,281,1,26.40,6.20,1.64,1.34,0,0,0,0,0.00,1,4,1,1,2.27,76.00,1.88,2.03,-0.32,-0.25,=,=,=,=,=,=,=,=,=,=,=,2,=,=,=,=,=,=,=,=,=,=,=,=,=,=,=,=,=,=,=,=,=,=,=,=,=,=,=,=,=,=,=,=,=,=,=,=,=,=,=,=,=,=,=,=,=,=,=,=,=,=,=,=,=,=,=,=,=,=,=,=,=,=,=,=,=,=,=,=,=,=,=,=,=,=,=,=,=,=,=,=,=,=,=,=,=
M,282,1,25.90,7.80,2.03,0.72,0,0,0,0,0.00,3,2,1,1,2.16,32.00,1.51,2.06,0.14,-0.87,=,=,=,=,=,=,=,=,=,=,=,1,=,=,=,=,=,=,=,=,=,=,=,=,=,=,=,=,=,=,=,=,=,=,=,=,=,=,=,=,=,=,=,=,=,=,=,=,=,=,=,=,=,=,=,=,=,=,=,=,=,=,=,=,=,=,=,=,=,=,=,=,=,=,=,=,=,=,=,=,=,=,=,=,=,=,=,=,=,=,=,=,=,=,=,=,=
F,283,1,20.50,6.30,1.29,1.02,1,1,0,0,0.00,3,3,2,2,2.19,46.00,1.66,2.03,0.65,-0.93,=,=,=,=,=,=,=,=,=,=,=,2,=,=,=,=,=,=,=,=,=,=,=,=,=,=,=,=,=,=,=,=,=,=,=,=,=,=,=,=,=,=,=,=,=,=,=,=,=,=,=,=,=,=,=,=,=,=,=,=,=,=,=,=,=,=,=,=,=,=,=,=,=,=,=,=,=,=,=,=,=,=,=,=,=,=,=,=,=,=,=,=,=,=,=,=,=
F,284,1,20.70,6.20,1.29,1.16,1,1,0,0,0.00,2,2,2,2,2.02,22.00,1.34,1.92,0.42,-0.62,=,=,=,=,=,=,=,=,=,=,=,2,=,=,=,=,=,=,=,=,=,=,=,=,=,=,=,=,=,=,=,=,=,=,=,=,=,=,=,=,=,=,=,=,=,=,=,=,=,=,=,=,=,=,=,=,=,=,=,=,=,=,=,=,=,=,=,=,=,=,=,=,=,=,=,=,=,=,=,=,=,=,=,=,=,=,=,=,=,=,=,=,=,=,=,=,=
M,285,1,25.20,6.10,1.54,0.85,0,0,0,0,0.00,1,1,1,1,2.17,62.00,1.79,1.93,-0.32,-0.25,=,=,=,=,=,=,=,=,=,=,=,0,=,=,=,=,=,=,=,=,=,=,=,=,=,=,=,=,=,=,=,=,=,=,=,=,=,=,=,=,=,=,=,=,=,=,=,=,=,=,=,=,=,=,=,=,=,=,=,=,=,=,=,=,=,=,=,=,=,=,=,=,=,=,=,=,=,=,=,=,=,=,=,=,=,=,=,=,=,=,=,=,=,=,=,=,=
M,286,1,29.30,7.10,2.08,0.88,0,0,0,0,0.00,5,1,1,1,2.17,50.00,1.70,1.99,0.60,-1.48,=,=,=,=,=,=,=,=,=,=,=,0,=,=,=,=,=,=,=,=,=,=,=,=,=,=,=,=,=,=,=,=,=,=,=,=,=,=,=,=,=,=,=,=,=,=,=,=,=,=,=,=,=,=,=,=,=,=,=,=,=,=,=,=,=,=,=,=,=,=,=,=,=,=,=,=,=,=,=,=,=,=,=,=,=,=,=,=,=,=,=,=,=,=,=,=,=
F,287,1,22.10,6.40,1.41,0.99,1,1,0,0,0.00,4,1,2,2,1.90,18.00,1.26,1.79,0.88,-1.24,=,=,=,=,=,=,=,=,=,=,=,0,=,=,=,=,=,=,=,=,=,=,=,=,=,=,=,=,=,=,=,=,=,=,=,=,=,=,=,=,=,=,=,=,=,=,=,=,=,=,=,=,=,=,=,=,=,=,=,=,=,=,=,=,=,=,=,=,=,=,=,=,=,=,=,=,=,=,=,=,=,=,=,=,=,=,=,=,=,=,=,=,=,=,=,=,=
M,288,1,28.30,5.80,1.65,1.37,1,1,0,0,0.00,4,0,2,2,2.27,54.00,1.73,2.12,0.88,-1.24,=,=,=,=,=,=,=,=,=,=,=,0,=,=,=,=,=,=,=,=,=,=,=,=,=,=,=,=,=,=,=,=,=,=,=,=,=,=,=,=,=,=,=,=,=,=,=,=,=,=,=,=,=,=,=,=,=,=,=,=,=,=,=,=,=,=,=,=,=,=,=,=,=,=,=,=,=,=,=,=,=,=,=,=,=,=,=,=,=,=,=,=,=,=,=,=,=
M,289,1,25.80,8.20,2.12,1.69,1,1,0,0,0.00,0,1,2,2,2.32,55.00,1.74,2.19,-0.04,-0.01,=,=,=,=,=,=,=,=,=,=,=,1,=,=,=,=,=,=,=,=,=,=,=,=,=,=,=,=,=,=,=,=,=,=,=,=,=,=,=,=,=,=,=,=,=,=,=,=,=,=,=,=,=,=,=,=,=,=,=,=,=,=,=,=,=,=,=,=,=,=,=,=,=,=,=,=,=,=,=,=,=,=,=,=,=,=,=,=,=,=,=,=,=,=,=,=,=
M,290,1,31.40,6.40,2.01,0.69,0,0,0,0,0.00,5,0,1,1,2.00,26.00,1.42,1.88,0.60,-1.48,=,=,=,=,=,=,=,=,=,=,=,1,=,=,=,=,=,=,=,=,=,=,=,=,=,=,=,=,=,=,=,=,=,=,=,=,=,=,=,=,=,=,=,=,=,=,=,=,=,=,=,=,=,=,=,=,=,=,=,=,=,=,=,=,=,=,=,=,=,=,=,=,=,=,=,=,=,=,=,=,=,=,=,=,=,=,=,=,=,=,=,=,=,=,=,=,=
F,291,1,21.90,7.30,1.60,1.10,1,1,0,0,0.00,3,2,2,2,2.23,55.00,1.74,2.06,0.65,-0.93,=,=,=,=,=,=,=,=,=,=,=,1,=,=,=,=,=,=,=,=,=,=,=,=,=,=,=,=,=,=,=,=,=,=,=,=,=,=,=,=,=,=,=,=,=,=,=,=,=,=,=,=,=,=,=,=,=,=,=,=,=,=,=,=,=,=,=,=,=,=,=,=,=,=,=,=,=,=,=,=,=,=,=,=,=,=,=,=,=,=,=,=,=,=,=,=,=
M,292,1,25.30,5.30,1.35,0.75,0,0,0,0,0.00,5,1,1,1,=,=,=,=,0.60,-1.48,=,=,=,=,=,=,=,=,=,=,=,2,=,=,=,=,=,=,=,=,=,=,=,=,=,=,=,=,=,=,=,=,=,=,=,=,=,=,=,=,=,=,=,=,=,=,=,=,=,=,=,=,=,=,=,=,=,=,=,=,=,=,=,=,=,=,=,=,=,=,=,=,=,=,=,=,=,=,=,=,=,=,=,=,=,=,=,=,=,=,=,=,=,=,=,=,=
M,293,1,29.10,5.90,1.73,1.15,1,1,0,0,0.00,2,1,2,2,2.10,48.00,1.68,1.89,0.42,-0.62,=,=,=,=,=,=,=,=,=,=,=,1,=,=,=,=,=,=,=,=,=,=,=,=,=,=,=,=,=,=,=,=,=,=,=,=,=,=,=,=,=,=,=,=,=,=,=,=,=,=,=,=,=,=,=,=,=,=,=,=,=,=,=,=,=,=,=,=,=,=,=,=,=,=,=,=,=,=,=,=,=,=,=,=,=,=,=,=,=,=,=,=,=,=,=,=,=
F,294,1,18.50,5.70,1.06,0.54,0,0,0,0,0.00,1,3,1,1,1.97,34.00,1.53,1.77,-0.32,-0.25,=,=,=,=,=,=,=,=,=,=,=,1,=,=,=,=,=,=,=,=,=,=,=,=,=,=,=,=,=,=,=,=,=,=,=,=,=,=,=,=,=,=,=,=,=,=,=,=,=,=,=,=,=,=,=,=,=,=,=,=,=,=,=,=,=,=,=,=,=,=,=,=,=,=,=,=,=,=,=,=,=,=,=,=,=,=,=,=,=,=,=,=,=,=,=,=,=
F,295,1,21.90,6.00,1.31,1.00,1,1,0,0,0.00,2,1,2,2,2.12,26.00,1.42,2.02,0.42,-0.62,=,=,=,=,=,=,=,=,=,=,=,=,=,=,=,=,=,=,=,=,=,=,=,=,=,=,=,=,=,=,=,=,=,=,=,=,=,=,=,=,=,=,=,=,=,=,=,=,=,=,=,=,=,=,=,=,=,=,=,=,=,=,=,=,=,=,=,=,=,=,=,=,=,=,=,=,=,=,=,=,=,=,=,=,=,=,=,=,=,=,=,=,=,=,=,=,=
F,296,1,20.00,6.90,1.37,0.68,1,1,0,0,0.00,2,3,2,2,2.24,12.00,1.08,2.21,0.42,-0.62,=,=,=,=,=,=,=,=,=,=,=,1,=,=,=,=,=,=,=,=,=,=,=,=,=,=,=,=,=,=,=,=,=,=,=,=,=,=,=,=,=,=,=,=,=,=,=,=,=,=,=,=,=,=,=,=,=,=,=,=,=,=,=,=,=,=,=,=,=,=,=,=,=,=,=,=,=,=,=,=,=,=,=,=,=,=,=,=,=,=,=,=,=,=,=,=,=
F,297,1,23.00,1.62,7.00,=,=,=,=,=,=,=,=,=,=,2.02,34.00,1.53,1.85,=,=,=,=,=,=,=,=,=,=,=,=,=,0,=,=,=,=,=,=,=,=,=,=,=,=,=,=,=,=,=,=,=,=,=,=,=,=,=,=,=,=,=,=,=,=,=,=,=,=,=,=,=,=,=,=,=,=,=,=,=,=,=,=,=,=,=,=,=,=,=,=,=,=,=,=,=,=,=,=,=,=,=,=,=,=,=,=,=,=,=,=,=,=,=,=,=,=,=
M,298,1,27.60,6.50,1.79,0.65,1,1,0,0,0.00,2,1,2,2,2.15,77.00,1.89,1.80,0.42,-0.62,=,=,=,=,=,=,=,=,=,=,=,0,=,=,=,=,=,=,=,=,=,=,=,=,=,=,=,=,=,=,=,=,=,=,=,=,=,=,=,=,=,=,=,=,=,=,=,=,=,=,=,=,=,=,=,=,=,=,=,=,=,=,=,=,=,=,=,=,=,=,=,=,=,=,=,=,=,=,=,=,=,=,=,=,=,=,=,=,=,=,=,=,=,=,=,=,=
M,299,1,25.60,7.60,1.94,0.60,0,0,0,0,0.00,5,0,1,1,2.24,78.00,1.89,1.98,0.60,-1.48,=,=,=,=,=,=,=,=,=,=,=,0,=,=,=,=,=,=,=,=,=,=,=,=,=,=,=,=,=,=,=,=,=,=,=,=,=,=,=,=,=,=,=,=,=,=,=,=,=,=,=,=,=,=,=,=,=,=,=,=,=,=,=,=,=,=,=,=,=,=,=,=,=,=,=,=,=,=,=,=,=,=,=,=,=,=,=,=,=,=,=,=,=,=,=,=,=
M,300,1,24.60,6.20,1.52,0.66,1,1,0,0,0.00,3,2,2,2,2.13,41.00,1.61,1.97,0.65,-0.93,=,=,=,=,=,=,=,=,=,=,=,0,=,=,=,=,=,=,=,=,=,=,=,=,=,=,=,=,=,=,=,=,=,=,=,=,=,=,=,=,=,=,=,=,=,=,=,=,=,=,=,=,=,=,=,=,=,=,=,=,=,=,=,=,=,=,=,=,=,=,=,=,=,=,=,=,=,=,=,=,=,=,=,=,=,=,=,=,=,=,=,=,=,=,=,=,=
M,301,1,29.80,6.40,1.91,0.90,0,0,0,0,0.00,5,1,1,1,2.19,54.00,1.73,2.00,0.60,-1.48,=,=,=,=,=,=,=,=,=,=,=,1,=,=,=,=,=,=,=,=,=,=,=,=,=,=,=,=,=,=,=,=,=,=,=,=,=,=,=,=,=,=,=,=,=,=,=,=,=,=,=,=,=,=,=,=,=,=,=,=,=,=,=,=,=,=,=,=,=,=,=,=,=,=,=,=,=,=,=,=,=,=,=,=,=,=,=,=,=,=,=,=,=,=,=,=,=
F,302,1,22.40,7.10,1.60,1.59,1,1,0,0,0.00,3,4,2,2,2.00,26.00,1.42,1.87,0.65,-0.93,=,=,=,=,=,=,=,=,=,=,=,0,=,=,=,=,=,=,=,=,=,=,=,=,=,=,=,=,=,=,=,=,=,=,=,=,=,=,=,=,=,=,=,=,=,=,=,=,=,=,=,=,=,=,=,=,=,=,=,=,=,=,=,=,=,=,=,=,=,=,=,=,=,=,=,=,=,=,=,=,=,=,=,=,=,=,=,=,=,=,=,=,=,=,=,=,=
F,303,1,22.40,7.40,1.65,1.14,1,1,0,0,0.00,2,3,2,2,1.78,19.00,1.28,1.61,0.42,-0.62,=,=,=,=,=,=,=,=,=,=,=,2,=,=,=,=,=,=,=,=,=,=,=,=,=,=,=,=,=,=,=,=,=,=,=,=,=,=,=,=,=,=,=,=,=,=,=,=,=,=,=,=,=,=,=,=,=,=,=,=,=,=,=,=,=,=,=,=,=,=,=,=,=,=,=,=,=,=,=,=,=,=,=,=,=,=,=,=,=,=,=,=,=,=,=,=,=
M,304,1,31.50,6.30,2.00,0.88,1,1,0,0,0.00,0,5,2,2,2.00,29.00,1.46,1.85,-0.04,-0.01,=,=,=,=,=,=,=,=,=,=,=,0,=,=,=,=,=,=,=,=,=,=,=,=,=,=,=,=,=,=,=,=,=,=,=,=,=,=,=,=,=,=,=,=,=,=,=,=,=,=,=,=,=,=,=,=,=,=,=,=,=,=,=,=,=,=,=,=,=,=,=,=,=,=,=,=,=,=,=,=,=,=,=,=,=,=,=,=,=,=,=,=,=,=,=,=,=
M,305,1,27.00,6.00,1.62,1.24,1,1,0,0,0.00,2,1,2,2,1.90,25.00,1.40,1.73,0.42,-0.62,=,=,=,=,=,=,=,=,=,=,=,1,=,=,=,=,=,=,=,=,=,=,=,=,=,=,=,=,=,=,=,=,=,=,=,=,=,=,=,=,=,=,=,=,=,=,=,=,=,=,=,=,=,=,=,=,=,=,=,=,=,=,=,=,=,=,=,=,=,=,=,=,=,=,=,=,=,=,=,=,=,=,=,=,=,=,=,=,=,=,=,=,=,=,=,=,=
M,306,0,23.10,4.50,1.04,1.45,0,0,0,0,0.00,4,2,1,1,=,24.00,1.38,=,0.37,-1.17,=,=,=,=,=,=,=,=,=,=,=,1,=,=,=,=,=,=,=,=,=,=,=,=,=,=,=,=,=,=,=,=,=,=,=,=,=,=,=,=,=,=,=,=,=,=,=,=,=,=,=,=,=,=,=,=,=,=,=,=,=,=,=,=,=,=,=,=,=,=,=,=,=,=,=,=,=,=,=,=,=,=,=,=,=,=,=,=,=,=,=,=,=,=,=,=,=
F,307,0,19.60,6.60,1.30,0.75,0,0,0,0,0.00,4,0,1,1,2.00,40.00,1.60,1.77,0.37,-1.17,=,=,=,=,=,=,=,=,=,=,=,1,=,=,=,=,=,=,=,=,=,=,=,=,=,=,=,=,=,=,=,=,=,=,=,=,=,=,=,=,=,=,=,=,=,=,=,=,=,=,=,=,=,=,=,=,=,=,=,=,=,=,=,=,=,=,=,=,=,=,=,=,=,=,=,=,=,=,=,=,=,=,=,=,=,=,=,=,=,=,=,=,=,=,=,=,=
M,308,0,24.20,1.52,6.30,=,=,=,=,=,=,=,=,=,=,2.05,34.00,1.53,1.90,=,=,=,=,=,=,=,=,=,=,=,=,=,1,=,=,=,=,=,=,=,=,=,=,=,=,=,=,=,=,=,=,=,=,=,=,=,=,=,=,=,=,=,=,=,=,=,=,=,=,=,=,=,=,=,=,=,=,=,=,=,=,=,=,=,=,=,=,=,=,=,=,=,=,=,=,=,=,=,=,=,=,=,=,=,=,=,=,=,=,=,=,=,=,=,=,=,=,=
M,309,0,26.60,1.65,6.20,=,=,=,=,=,=,=,=,=,=,2.13,32.00,1.51,2.02,=,=,=,=,=,=,=,=,=,=,=,=,=,1,=,=,=,=,=,=,=,=,=,=,=,=,=,=,=,=,=,=,=,=,=,=,=,=,=,=,=,=,=,=,=,=,=,=,=,=,=,=,=,=,=,=,=,=,=,=,=,=,=,=,=,=,=,=,=,=,=,=,=,=,=,=,=,=,=,=,=,=,=,=,=,=,=,=,=,=,=,=,=,=,=,=,=,=,=
F,310,0,23.80,6.10,1.40,0.78,0,0,0,0,0.00,1,3,1,1,1.96,27.00,1.43,1.81,-0.32,-0.25,=,=,=,=,=,=,=,=,=,=,=,1,=,=,=,=,=,=,=,=,=,=,=,=,=,=,=,=,=,=,=,=,=,=,=,=,=,=,=,=,=,=,=,=,=,=,=,=,=,=,=,=,=,=,=,=,=,=,=,=,=,=,=,=,=,=,=,=,=,=,=,=,=,=,=,=,=,=,=,=,=,=,=,=,=,=,=,=,=,=,=,=,=,=,=,=,=
F,311,0,20.80,6.40,1.34,1.36,0,0,0,0,0.00,1,4,1,1,2.06,41.00,1.61,1.88,-0.32,-0.25,=,=,=,=,=,=,=,=,=,=,=,2,=,=,=,=,=,=,=,=,=,=,=,=,=,=,=,=,=,=,=,=,=,=,=,=,=,=,=,=,=,=,=,=,=,=,=,=,=,=,=,=,=,=,=,=,=,=,=,=,=,=,=,=,=,=,=,=,=,=,=,=,=,=,=,=,=,=,=,=,=,=,=,=,=,=,=,=,=,=,=,=,=,=,=,=,=
F,312,0,=,=,1.29,1.44,0,0,0,0,0.00,1,2,1,1,1.86,22.00,1.34,1.71,-0.32,-0.25,=,=,=,=,=,=,=,=,=,=,=,1,=,=,=,=,=,=,=,=,=,=,=,=,=,=,=,=,=,=,=,=,=,=,=,=,=,=,=,=,=,=,=,=,=,=,=,=,=,=,=,=,=,=,=,=,=,=,=,=,=,=,=,=,=,=,=,=,=,=,=,=,=,=,=,=,=,=,=,=,=,=,=,=,=,=,=,=,=,=,=,=,=,=,=,=,=
F,313,0,20.60,5.10,1.05,1.42,0,0,0,0,0.00,1,2,1,1,1.64,21.00,1.32,1.36,-0.32,-0.25,=,=,=,=,=,=,=,=,=,=,=,0,=,=,=,=,=,=,=,=,=,=,=,=,=,=,=,=,=,=,=,=,=,=,=,=,=,=,=,=,=,=,=,=,=,=,=,=,=,=,=,=,=,=,=,=,=,=,=,=,=,=,=,=,=,=,=,=,=,=,=,=,=,=,=,=,=,=,=,=,=,=,=,=,=,=,=,=,=,=,=,=,=,=,=,=,=
F,314,0,18.90,6.10,1.16,0.80,1,1,0,0,0.00,3,1,2,2,1.74,21.00,1.32,1.53,0.65,-0.93,=,=,=,=,=,=,=,=,=,=,=,0,=,=,=,=,=,=,=,=,=,=,=,=,=,=,=,=,=,=,=,=,=,=,=,=,=,=,=,=,=,=,=,=,=,=,=,=,=,=,=,=,=,=,=,=,=,=,=,=,=,=,=,=,=,=,=,=,=,=,=,=,=,=,=,=,=,=,=,=,=,=,=,=,=,=,=,=,=,=,=,=,=,=,=,=,=
M,315,0,31.90,9.10,2.90,0.58,1,1,0,0,0.00,2,2,2,2,2.29,64.00,1.81,2.11,0.42,-0.62,=,=,=,=,=,=,=,=,=,=,=,=,=,=,=,=,=,=,=,=,=,=,=,=,=,=,=,=,=,=,=,=,=,=,=,=,=,=,=,=,=,=,=,=,=,=,=,=,=,=,=,=,=,=,=,=,=,=,=,=,=,=,=,=,=,=,=,=,=,=,=,=,=,=,=,=,=,=,=,=,=,=,=,=,=,=,=,=,=,=,=,=,=,=,=,=,=
M,316,0,23.90,5.10,1.22,0.30,0,0,0,0,0.00,5,0,1,1,2.08,43.00,1.63,1.88,0.60,-1.48,=,=,=,=,=,=,=,=,=,=,=,=,=,=,=,=,=,=,=,=,=,=,=,=,=,=,=,=,=,=,=,=,=,=,=,=,=,=,=,=,=,=,=,=,=,=,=,=,=,=,=,=,=,=,=,=,=,=,=,=,=,=,=,=,=,=,=,=,=,=,=,=,=,=,=,=,=,=,=,=,=,=,=,=,=,=,=,=,=,=,=,=,=,=,=,=,=
M,317,0,26.10,6.10,1.60,1.25,1,1,0,0,0.00,3,3,2,2,2.09,42.00,1.62,1.90,0.65,-0.93,=,=,=,=,=,=,=,=,=,=,=,1,=,=,=,=,=,=,=,=,=,=,=,=,=,=,=,=,=,=,=,=,=,=,=,=,=,=,=,=,=,=,=,=,=,=,=,=,=,=,=,=,=,=,=,=,=,=,=,=,=,=,=,=,=,=,=,=,=,=,=,=,=,=,=,=,=,=,=,=,=,=,=,=,=,=,=,=,=,=,=,=,=,=,=,=,=
M,318,0,24.70,6.60,1.62,1.37,1,1,0,0,0.00,2,4,2,2,2.15,49.00,1.69,1.96,0.42,-0.62,=,=,=,=,=,=,=,=,=,=,=,0,=,=,=,=,=,=,=,=,=,=,=,=,=,=,=,=,=,=,=,=,=,=,=,=,=,=,=,=,=,=,=,=,=,=,=,=,=,=,=,=,=,=,=,=,=,=,=,=,=,=,=,=,=,=,=,=,=,=,=,=,=,=,=,=,=,=,=,=,=,=,=,=,=,=,=,=,=,=,=,=,=,=,=,=,=
M,319,0,23.60,6.80,1.60,0.89,1,1,0,0,0.00,3,3,2,2,2.28,64.00,1.81,2.10,0.65,-0.93,=,=,=,=,=,=,=,=,=,=,=,1,=,=,=,=,=,=,=,=,=,=,=,=,=,=,=,=,=,=,=,=,=,=,=,=,=,=,=,=,=,=,=,=,=,=,=,=,=,=,=,=,=,=,=,=,=,=,=,=,=,=,=,=,=,=,=,=,=,=,=,=,=,=,=,=,=,=,=,=,=,=,=,=,=,=,=,=,=,=,=,=,=,=,=,=,=
M,320,0,24.10,6.70,1.62,0.60,0,0,0,0,0.00,4,2,1,1,1.94,41.00,1.61,1.66,0.37,-1.17,=,=,=,=,=,=,=,=,=,=,=,2,=,=,=,=,=,=,=,=,=,=,=,=,=,=,=,=,=,=,=,=,=,=,=,=,=,=,=,=,=,=,=,=,=,=,=,=,=,=,=,=,=,=,=,=,=,=,=,=,=,=,=,=,=,=,=,=,=,=,=,=,=,=,=,=,=,=,=,=,=,=,=,=,=,=,=,=,=,=,=,=,=,=,=,=,=
F,321,0,22.40,6.00,1.35,1.54,1,1,0,0,0.00,2,2,2,2,2.03,23.00,1.36,1.93,0.42,-0.62,=,=,=,=,=,=,=,=,=,=,=,=,=,=,=,=,=,=,=,=,=,=,=,=,=,=,=,=,=,=,=,=,=,=,=,=,=,=,=,=,=,=,=,=,=,=,=,=,=,=,=,=,=,=,=,=,=,=,=,=,=,=,=,=,=,=,=,=,=,=,=,=,=,=,=,=,=,=,=,=,=,=,=,=,=,=,=,=,=,=,=,=,=,=,=,=,=
M,322,0,26.40,6.30,1.67,1.32,1,1,0,0,0.00,1,3,2,2,2.16,45.00,1.65,1.99,0.19,-0.31,=,=,=,=,=,=,=,=,=,=,=,=,=,=,=,=,=,=,=,=,=,=,=,=,=,=,=,=,=,=,=,=,=,=,=,=,=,=,=,=,=,=,=,=,=,=,=,=,=,=,=,=,=,=,=,=,=,=,=,=,=,=,=,=,=,=,=,=,=,=,=,=,=,=,=,=,=,=,=,=,=,=,=,=,=,=,=,=,=,=,=,=,=,=,=,=,=
F,323,0,22.80,5.60,1.27,1.09,0,0,0,0,0.00,3,2,1,1,1.88,20.00,1.30,1.75,0.14,-0.87,=,=,=,=,=,=,=,=,=,=,=,=,=,=,=,=,=,=,=,=,=,=,=,=,=,=,=,=,=,=,=,=,=,=,=,=,=,=,=,=,=,=,=,=,=,=,=,=,=,=,=,=,=,=,=,=,=,=,=,=,=,=,=,=,=,=,=,=,=,=,=,=,=,=,=,=,=,=,=,=,=,=,=,=,=,=,=,=,=,=,=,=,=,=,=,=,=
F,324,0,23.60,6.20,1.47,0.78,0,0,0,0,0.00,3,1,1,1,1.87,30.00,1.48,1.64,0.14,-0.87,=,=,=,=,=,=,=,=,=,=,=,=,=,=,=,=,=,=,=,=,=,=,=,=,=,=,=,=,=,=,=,=,=,=,=,=,=,=,=,=,=,=,=,=,=,=,=,=,=,=,=,=,=,=,=,=,=,=,=,=,=,=,=,=,=,=,=,=,=,=,=,=,=,=,=,=,=,=,=,=,=,=,=,=,=,=,=,=,=,=,=,=,=,=,=,=,=
